ue,cargo,urnas_apuradas,eleitorado,abstencoes,total_votos,brancos,nulos,nome,numero,votos_validos,eleito
MS,1,"100,00",1995932,440783,1555149,17651,30509,CIRO GOMES,12,29314,
MS,1,"100,00",1995932,440783,1555149,17651,30509,LULA,13,588323,
MS,1,"100,00",1995932,440783,1555149,17651,30509,PADRE KELMON,14,1057,
MS,1,"100,00",1995932,440783,1555149,17651,30509,SIMONE TEBET,15,79719,
MS,1,"100,00",1995932,440783,1555149,17651,30509,VERA,16,222,
MS,1,"100,00",1995932,440783,1555149,17651,30509,LÉO PÉRICLES,80,350,
MS,1,"100,00",1995932,440783,1555149,17651,30509,JAIR BOLSONARO,22,794206,
MS,1,"100,00",1995932,440783,1555149,17651,30509,CONSTITUINTE EYMAEL,27,152,
MS,1,"100,00",1995932,440783,1555149,17651,30509,FELIPE D&apos;AVILA,30,5193,
MS,1,"100,00",1995932,440783,1555149,17651,30509,SORAYA THRONICKE,44,8082,
MS,1,"100,00",1995932,440783,1555149,17651,30509,SOFIA MANZANO,21,371,
PI,1,"100,00",2570433,454788,2115645,19477,51782,SIMONE TEBET,15,42179,
PI,1,"100,00",2570433,454788,2115645,19477,51782,CIRO GOMES,12,59321,
PI,1,"100,00",2570433,454788,2115645,19477,51782,VERA,16,317,
PI,1,"100,00",2570433,454788,2115645,19477,51782,CONSTITUINTE EYMAEL,27,150,
PI,1,"100,00",2570433,454788,2115645,19477,51782,LÉO PÉRICLES,80,350,
PI,1,"100,00",2570433,454788,2115645,19477,51782,PADRE KELMON,14,1122,
PI,1,"100,00",2570433,454788,2115645,19477,51782,FELIPE DAVILA,30,2562,
PI,1,"100,00",2570433,454788,2115645,19477,51782,SOFIA MANZANO,21,427,
PI,1,"100,00",2570433,454788,2115645,19477,51782,LULA,13,1518008,
PI,1,"100,00",2570433,454788,2115645,19477,51782,JAIR BOLSONARO,22,406897,
PI,1,"100,00",2570433,454788,2115645,19477,51782,SORAYA THRONICKE,44,13053,
BR,1,"99,99",156454011,32770841,123682152,1964777,3487873,LULA,13,57259405,
BR,1,"99,99",156454011,32770841,123682152,1964777,3487873,JAIR BOLSONARO,22,51072234,
BR,1,"99,99",156454011,32770841,123682152,1964777,3487873,SIMONE TEBET,15,4915420,
BR,1,"99,99",156454011,32770841,123682152,1964777,3487873,CIRO GOMES,12,3599285,
BR,1,"99,99",156454011,32770841,123682152,1964777,3487873,SORAYA THRONICKE,44,600953,
BR,1,"99,99",156454011,32770841,123682152,1964777,3487873,FELIPE DAVILA,30,559708,
BR,1,"99,99",156454011,32770841,123682152,1964777,3487873,PADRE KELMON,14,81129,
BR,1,"99,99",156454011,32770841,123682152,1964777,3487873,LÉO PÉRICLES,80,53519,
BR,1,"99,99",156454011,32770841,123682152,1964777,3487873,SOFIA MANZANO,21,45620,
BR,1,"99,99",156454011,32770841,123682152,1964777,3487873,VERA,16,25625,
BR,1,"99,99",156454011,32770841,123682152,1964777,3487873,CONSTITUINTE EYMAEL,27,16604,
TO,1,"100,00",1094346,202897,891449,6795,22862,CIRO GOMES,12,18141,
TO,1,"100,00",1094346,202897,891449,6795,22862,LULA,13,434303,
TO,1,"100,00",1094346,202897,891449,6795,22862,PADRE KELMON,14,418,
TO,1,"100,00",1094346,202897,891449,6795,22862,SIMONE TEBET,15,25209,
TO,1,"100,00",1094346,202897,891449,6795,22862,VERA,16,90,
TO,1,"100,00",1094346,202897,891449,6795,22862,LÉO PÉRICLES,80,129,
TO,1,"100,00",1094346,202897,891449,6795,22862,JAIR BOLSONARO,22,379194,
TO,1,"100,00",1094346,202897,891449,6795,22862,CONSTITUINTE EYMAEL,27,105,
TO,1,"100,00",1094346,202897,891449,6795,22862,FELIPE D&apos;AVILA,30,1266,
TO,1,"100,00",1094346,202897,891449,6795,22862,SORAYA THRONICKE,44,2788,
TO,1,"100,00",1094346,202897,891449,6795,22862,SOFIA MANZANO,21,149,
GO,1,"100,00",4870292,1057695,3812597,48539,82589,CIRO GOMES,12,90695,
GO,1,"100,00",4870292,1057695,3812597,48539,82589,LULA,13,1454723,
GO,1,"100,00",4870292,1057695,3812597,48539,82589,PADRE KELMON,14,2303,
GO,1,"100,00",4870292,1057695,3812597,48539,82589,SIMONE TEBET,15,170742,
GO,1,"100,00",4870292,1057695,3812597,48539,82589,VERA,16,498,
GO,1,"100,00",4870292,1057695,3812597,48539,82589,LÉO PÉRICLES,80,1120,
GO,1,"100,00",4870292,1057695,3812597,48539,82589,JAIR BOLSONARO,22,1920203,
GO,1,"100,00",4870292,1057695,3812597,48539,82589,CONSTITUINTE EYMAEL,27,397,
GO,1,"100,00",4870292,1057695,3812597,48539,82589,FELIPE D&apos;AVILA,30,11145,
GO,1,"100,00",4870292,1057695,3812597,48539,82589,SORAYA THRONICKE,44,28570,
GO,1,"100,00",4870292,1057695,3812597,48539,82589,SOFIA MANZANO,21,1073,
GO,5,"100,00",4864247,1057056,3807191,310369,332630,DELEGADO WALDIR,444,539219,Não eleito
GO,5,"100,00",4864247,1057056,3807191,310369,332630,VILMAR ROCHA,555,55934,Não eleito
GO,5,"100,00",4864247,1057056,3807191,310369,332630,WILDER MORAIS,222,799022,Eleito
GO,5,"100,00",4864247,1057056,3807191,310369,332630,DENISE CARVALHO,651,299013,Não eleito
GO,5,"100,00",4864247,1057056,3807191,310369,332630,MANU JACOB,500,51743,Não eleito
GO,5,"100,00",4864247,1057056,3807191,310369,332630,LEONARDO RIZZO,300,35998,Não eleito
GO,5,"100,00",4864247,1057056,3807191,310369,332630,MARCONI PERILLO,456,626662,Não eleito
GO,5,"100,00",4864247,1057056,3807191,310369,332630,ALEXANDRE BALDY,111,406379,Não eleito
GO,5,"100,00",4864247,1057056,3807191,310369,332630,JOÃO CAMPOS,100,350222,Não eleito
GO,3,"100,00",4864247,1057056,3807191,152864,166471,RONALDO CAIADO,44,1806892,Eleito
GO,3,"100,00",4864247,1057056,3807191,152864,166471,MAJOR VITOR HUGO,22,516579,Não eleito
GO,3,"100,00",4864247,1057056,3807191,152864,166471,CINTIA DIAS,50,19577,Não eleito
GO,3,"100,00",4864247,1057056,3807191,152864,166471,WOLMIR AMADO,13,243561,Não eleito
GO,3,"100,00",4864247,1057056,3807191,152864,166471,EDIGAR DINIZ,30,9565,Não eleito
GO,3,"100,00",4864247,1057056,3807191,152864,166471,GUSTAVO MENDANHA,51,879031,Não eleito
GO,3,"100,00",4864247,1057056,3807191,152864,166471,VINÍCIUS PAIXÃO,29,258,Não eleito
GO,3,"100,00",4864247,1057056,3807191,152864,166471,PROFESSOR PANTALEÃO,80,5400,Não eleito
GO,3,"100,00",4864247,1057056,3807191,152864,166471,PROFESSORA HELGA,21,6993,Não eleito
MA,5,"100,00",5036730,1118518,3918212,201383,310469,ANTONIA CARIONGO,500,34294,Não eleito
MA,5,"100,00",5036730,1118518,3918212,201383,310469,PASTOR IVO NOGUEIRA,277,24875,Não eleito
MA,5,"100,00",5036730,1118518,3918212,201383,310469,ROBERTO ROCHA,145,1211174,Não eleito
MA,5,"100,00",5036730,1118518,3918212,201383,310469,FLÁVIO DINO,400,2125811,Eleito
MA,5,"100,00",5036730,1118518,3918212,201383,310469,SAULO ARCANGELI,161,10206,Não eleito
MA,3,"100,00",5036730,1118518,3918212,120774,348048,PROFESSOR JOAS MORAES,27,2310,Não eleito
MA,3,"100,00",5036730,1118518,3918212,120774,348048,EDIVALDO,55,86573,Não eleito
MA,3,"100,00",5036730,1118518,3918212,120774,348048,LAHESIO BONFIM,20,857744,Não eleito
MA,3,"100,00",5036730,1118518,3918212,120774,348048,FRANKLE COSTA,21,1889,Não eleito
MA,3,"100,00",5036730,1118518,3918212,120774,348048,ENILTON RODRIGUES,50,7135,Não eleito
MA,3,"100,00",5036730,1118518,3918212,120774,348048,HERTZ DIAS,16,5191,Não eleito
MA,3,"100,00",5036730,1118518,3918212,120774,348048,WEVERTON,12,714352,Não eleito
MA,3,"100,00",5036730,1118518,3918212,120774,348048,SIMPLICIO,77,5009,Não eleito
MA,3,"100,00",5036730,1118518,3918212,120774,348048,CARLOS BRANDÃO,40,1769187,Eleito
MG,3,"100,00",16271013,3627322,12643691,707694,1089431,RENATA REGINA,21,12514,Não eleito
MG,3,"100,00",16271013,3627322,12643691,707694,1089431,MARCUS PESTANA,45,60637,Não eleito
MG,3,"100,00",16271013,3627322,12643691,707694,1089431,ZEMA,30,6094136,Eleito
MG,3,"100,00",16271013,3627322,12643691,707694,1089431,INDIRA XAVIER,80,15604,Não eleito
MG,3,"100,00",16271013,3627322,12643691,707694,1089431,LOURDES FRANCISCO,29,2012,Não eleito
MG,3,"100,00",16271013,3627322,12643691,707694,1089431,VANESSA PORTUGAL,16,12009,Não eleito
MG,3,"100,00",16271013,3627322,12643691,707694,1089431,CARLOS VIANA,22,783800,Não eleito
MG,3,"100,00",16271013,3627322,12643691,707694,1089431,CABO TRISTAO,35,15774,Não eleito
MG,3,"100,00",16271013,3627322,12643691,707694,1089431,LORENE FIGUEIREDO,50,44898,Não eleito
MG,3,"100,00",16271013,3627322,12643691,707694,1089431,KALIL,55,3805182,Não eleito
MG,5,"100,00",16271013,3627322,12643691,1044998,1304104,SARA AZEVEDO,500,113304,Não eleito
MG,5,"100,00",16271013,3627322,12643691,1044998,1304104,ALEXANDRE SILVEIRA,555,3679392,Não eleito
MG,5,"100,00",16271013,3627322,12643691,1044998,1304104,CLEITINHO,200,4268193,Eleito
MG,5,"100,00",16271013,3627322,12643691,1044998,1304104,DIRLENE MARQUES,161,37317,Não eleito
MG,5,"100,00",16271013,3627322,12643691,1044998,1304104,NAOMI DE ALMEIDA ,290,3229,Não eleito
MG,5,"100,00",16271013,3627322,12643691,1044998,1304104,PASTOR ALTAMIRO ALVES,142,47018,Não eleito
MG,5,"100,00",16271013,3627322,12643691,1044998,1304104,BRUNO MIRANDA,123,105650,Não eleito
MG,5,"100,00",16271013,3627322,12643691,1044998,1304104,MARCELO ARO,111,2025573,Não eleito
MS,3,"100,00",1993121,440467,1552654,53082,61130,EDUARDO RIEDEL,45,361981,2º turno
MS,3,"100,00",1993121,440467,1552654,53082,61130,GISELLE,13,135556,Não eleito
MS,3,"100,00",1993121,440467,1552654,53082,61130,ROSE MODESTO,44,178599,Não eleito
MS,3,"100,00",1993121,440467,1552654,53082,61130,MARQUINHOS TRAD,55,124795,Não eleito
MS,3,"100,00",1993121,440467,1552654,53082,61130,MAGNO DE SOUZA,29,2892,Não eleito
MS,3,"100,00",1993121,440467,1552654,53082,61130,CAPITÃO CONTAR,28,384275,2º turno
MS,3,"100,00",1993121,440467,1552654,53082,61130,ANDRÉ PUCCINELLI,15,247093,Não eleito
MS,3,"100,00",1993121,440467,1552654,53082,61130,ADONIS MARCOS,50,3251,Não eleito
MS,5,"100,00",1993121,440467,1552654,91077,98932,JUIZ ODILON,555,146261,Não eleito
MS,5,"100,00",1993121,440467,1552654,91077,98932,ANIZIO TOCCHIO,500,2101,Não eleito
MS,5,"100,00",1993121,440467,1552654,91077,98932,PROFESSOR TIAGO BOTELHO,133,178041,Não eleito
MS,5,"100,00",1993121,440467,1552654,91077,98932,TEREZA CRISTINA,111,829149,Eleito
MS,5,"100,00",1993121,440467,1552654,91077,98932,MANDETTA,444,206093,Não eleito
MS,5,"100,00",1993121,440467,1552654,91077,98932,JEFERSON BEZERRA,368,1000,Não eleito
PA,3,"100,00",6074636,1289364,4785272,99146,258639,SOFIA COUTO,35,5355,Não eleito
PA,3,"100,00",6074636,1289364,4785272,99146,258639,ZEQUINHA MARINHO,22,1201079,Não eleito
PA,3,"100,00",6074636,1289364,4785272,99146,258639,PAULO ROSEIRA,36,1309,Não eleito
PA,3,"100,00",6074636,1289364,4785272,99146,258639,ADOLFO OLIVEIRA,50,56830,Não eleito
PA,3,"100,00",6074636,1289364,4785272,99146,258639,MAJOR MARCONY,77,9183,Não eleito
PA,3,"100,00",6074636,1289364,4785272,99146,258639,HELDER,15,3117276,Eleito
PA,3,"100,00",6074636,1289364,4785272,99146,258639,DR. FELIPE,28,31402,Não eleito
PA,3,"100,00",6074636,1289364,4785272,99146,258639,CLEBER RABELO,16,5053,Não eleito
PA,5,"100,00",6074636,1289364,4785272,252828,345083,SABBÁ,355,36055,Não eleito
PA,5,"100,00",6074636,1289364,4785272,252828,345083,RENATA FONSECA,289,52996,Não eleito
PA,5,"100,00",6074636,1289364,4785272,252828,345083,FLEXA RIBEIRO,111,307481,Não eleito
PA,5,"100,00",6074636,1289364,4785272,252828,345083,PIONEIRO,456,390959,Não eleito
PA,5,"100,00",6074636,1289364,4785272,252828,345083,MARIO COUTO,222,1485453,Não eleito
PA,5,"100,00",6074636,1289364,4785272,252828,345083,BETO FARO,131,1781582,Eleito
PA,5,"100,00",6074636,1289364,4785272,252828,345083,ELIELTON LIRA,700,21278,Não eleito
PA,5,"100,00",6074636,1289364,4785272,252828,345083,GIDEON,360,11728,Não eleito
PA,5,"100,00",6074636,1289364,4785272,252828,345083,PAULO CASTELO BRANCO,901,1278,Não eleito
PA,5,"100,00",6074636,1289364,4785272,252828,345083,DELEGADO JARDEL,190,85099,Não eleito
PA,5,"100,00",6074636,1289364,4785272,252828,345083,PROFESSOR JOÃO SANTIAGO,160,13452,Não eleito
PI,3,"100,00",2568604,454598,2114006,54163,93799,RAFAEL FONTELES,13,1115139,Eleito
PI,3,"100,00",2568604,454598,2114006,54163,93799,GESSY LIMA,20,13209,Não eleito
PI,3,"100,00",2568604,454598,2114006,54163,93799,GUSTAVO HENRIQUE,51,1027,Não eleito
PI,3,"100,00",2568604,454598,2114006,54163,93799,MADALENA NUNES,50,4759,Não eleito
PI,3,"100,00",2568604,454598,2114006,54163,93799,SILVIO MENDES,44,811806,Não eleito
PI,3,"100,00",2568604,454598,2114006,54163,93799,RAVENNA CASTRO,33,1167,Não eleito
PI,3,"100,00",2568604,454598,2114006,54163,93799,LOURDES MELO,29,1924,Não eleito
PI,3,"100,00",2568604,454598,2114006,54163,93799,GERALDO CARVALHO,16,1425,Não eleito
PI,5,"100,00",2568604,454598,2114006,88433,151530,GEORGE MÁGNO,500,7895,Não eleito
PI,5,"100,00",2568604,454598,2114006,88433,151530,PROFESSOR AJOSÉ,333,8949,Não eleito
PI,5,"100,00",2568604,454598,2114006,88433,151530,ALBETIZA MOREIRA,290,1730,Não eleito
PI,5,"100,00",2568604,454598,2114006,88433,151530,GERVÁSIO SANTOS,166,1265,Não eleito
PI,5,"100,00",2568604,454598,2114006,88433,151530,WELLINGTON DIAS,131,962194,Eleito
PI,5,"100,00",2568604,454598,2114006,88433,151530,JOEL RODRIGUES,111,892010,Não eleito
TO,5,"100,00",1092189,202609,889580,35690,69690,VILELA DO PT,131,44203,Não eleito
TO,5,"100,00",1092189,202609,889580,35690,69690,CARLOS AMASTHA,400,100649,Não eleito
TO,5,"100,00",1092189,202609,889580,35690,69690,LÚCIA VIANA,500,1622,Não eleito
TO,5,"100,00",1092189,202609,889580,35690,69690,ATAÍDES DE OLIVEIRA,900,69420,Não eleito
TO,5,"100,00",1092189,202609,889580,35690,69690,LAZARA MERLEY,271,588,Não eleito
TO,5,"100,00",1092189,202609,889580,35690,69690,MARCELO CLAUDIO,288,757,Não eleito
TO,5,"100,00",1092189,202609,889580,35690,69690,ANDREA SCHMIDT,353,5745,Não eleito
TO,5,"100,00",1092189,202609,889580,35690,69690,PROFESSORA DORINHA,444,395408,Eleito
TO,5,"100,00",1092189,202609,889580,35690,69690,KATIA,111,145104,Não eleito
TO,5,"100,00",1092189,202609,889580,35690,69690,PASTOR CLAUDEMIR LOPES,510,20704,Não eleito
AM,3,"100,00",2643568,532612,2110875,58257,138218,HENRIQUE OLIVEIRA,19,9596,Não eleito
AM,3,"100,00",2643568,532612,2110875,58257,138218,WILSON LIMA,44,819784,2º turno
AM,3,"100,00",2643568,532612,2110875,58257,138218,NAIR BLAIR,36,1895,Não eleito
AM,3,"100,00",2643568,532612,2110875,58257,138218,CAROL BRAZ,12,87114,Não eleito
AM,3,"100,00",2643568,532612,2110875,58257,138218,RICARDO NICOLAU,77,217588,Não eleito
AM,3,"100,00",2643568,532612,2110875,58257,138218,AMAZONINO MENDES,23,355377,Não eleito
AM,3,"100,00",2643568,532612,2110875,58257,138218,DR ISRAEL TUYUKA,50,21229,Não eleito
AM,3,"100,00",2643568,532612,2110875,58257,138218,EDUARDO BRAGA,15,401817,2º turno
AM,5,"100,00",2643568,532612,2110875,90811,127294,BESSA,777,17339,Não eleito
AM,5,"100,00",2643568,532612,2110875,90811,127294,OMAR AZIZ,555,784007,Eleito
AM,5,"100,00",2643568,532612,2110875,90811,127294,LUIZ CASTRO,123,131116,Não eleito
AM,5,"100,00",2643568,532612,2110875,90811,127294,ARTHUR NETO,451,179886,Não eleito
AM,5,"100,00",2643568,532612,2110875,90811,127294,CORONEL MENEZES,222,737875,Não eleito
AM,5,"100,00",2643568,532612,2110875,90811,127294,PASTOR PETER MIRANDA,361,3790,Não eleito
AM,5,"100,00",2643568,532612,2110875,90811,127294,MARÍLIA FREIRE,500,28557,Não eleito
AM,5,"100,00",2643568,532612,2110875,90811,127294,CHICO PRETO,700,10200,Não eleito
BA,5,"100,00",11273819,2407360,8866459,533156,1098493,CACÁ LEÃO,111,1826218,Não eleito
BA,5,"100,00",11273819,2407360,8866459,533156,1098493,DOUTORA RAISSA SOARES,222,1057085,Não eleito
BA,5,"100,00",11273819,2407360,8866459,533156,1098493,OTTO ALENCAR,555,4218333,Eleito
BA,5,"100,00",11273819,2407360,8866459,533156,1098493,TÂMARA AZEVEDO,500,119307,Não eleito
BA,5,"100,00",11273819,2407360,8866459,533156,1098493,MARCELO BARRETO,333,12318,Não eleito
BA,5,"100,00",11273819,2407360,8866459,533156,1098493,CICERO  ARAUJO,290,1549,Não eleito
BA,3,"100,00",11273819,2407360,8866459,236750,499841,GIOVANI DAMICO,21,5951,Não eleito
BA,3,"100,00",11273819,2407360,8866459,236750,499841,JOÃO ROMA,22,738311,Não eleito
BA,3,"100,00",11273819,2407360,8866459,236750,499841,ACM NETO,44,3316711,2º turno
BA,3,"100,00",11273819,2407360,8866459,236750,499841,JERÔNIMO,13,4019830,2º turno
BA,3,"100,00",11273819,2407360,8866459,236750,499841,KLEBER ROSA,50,48239,Não eleito
BA,3,"100,00",11273819,2407360,8866459,236750,499841,MARCELO MILLET,29,826,Não eleito
SP,1,"100,00",34684927,7495213,27189714,571257,962123,CIRO GOMES,12,898540,
SP,1,"100,00",34684927,7495213,27189714,571257,962123,LULA,13,10490032,
SP,1,"100,00",34684927,7495213,27189714,571257,962123,PADRE KELMON,14,15784,
SP,1,"100,00",34684927,7495213,27189714,571257,962123,SIMONE TEBET,15,1625596,
SP,1,"100,00",34684927,7495213,27189714,571257,962123,VERA,16,7450,
SP,1,"100,00",34684927,7495213,27189714,571257,962123,LÉO PÉRICLES,80,21665,
SP,1,"100,00",34684927,7495213,27189714,571257,962123,JAIR BOLSONARO,22,12239989,
SP,1,"100,00",34684927,7495213,27189714,571257,962123,CONSTITUINTE EYMAEL,27,5015,
SP,1,"100,00",34684927,7495213,27189714,571257,962123,FELIPE D&apos;AVILA,30,183719,
SP,1,"100,00",34684927,7495213,27189714,571257,962123,SORAYA THRONICKE,44,153601,
SP,1,"100,00",34684927,7495213,27189714,571257,962123,SOFIA MANZANO,21,14943,
PE,1,"100,00",7015421,1277050,5738371,90092,196270,CIRO GOMES,12,130015,
PE,1,"100,00",7015421,1277050,5738371,90092,196270,LULA,13,3558322,
PE,1,"100,00",7015421,1277050,5738371,90092,196270,PADRE KELMON,14,2991,
PE,1,"100,00",7015421,1277050,5738371,90092,196270,SIMONE TEBET,15,96570,
PE,1,"100,00",7015421,1277050,5738371,90092,196270,VERA,16,765,
PE,1,"100,00",7015421,1277050,5738371,90092,196270,LÉO PÉRICLES,80,1214,
PE,1,"100,00",7015421,1277050,5738371,90092,196270,JAIR BOLSONARO,22,1630938,
PE,1,"100,00",7015421,1277050,5738371,90092,196270,CONSTITUINTE EYMAEL,27,456,
PE,1,"100,00",7015421,1277050,5738371,90092,196270,FELIPE D&apos;AVILA,30,8633,
PE,1,"100,00",7015421,1277050,5738371,90092,196270,SORAYA THRONICKE,44,20686,
PE,1,"100,00",7015421,1277050,5738371,90092,196270,SOFIA MANZANO,21,1419,
PB,1,"100,00",3092053,534574,2557479,41922,93869,CONSTITUINTE EYMAEL,27,283,
PB,1,"100,00",3092053,534574,2557479,41922,93869,CIRO GOMES,12,76225,
PB,1,"100,00",3092053,534574,2557479,41922,93869,SOFIA MANZANO,21,634,
PB,1,"100,00",3092053,534574,2557479,41922,93869,FELIPE D&apos;AVILA,30,3996,
PB,1,"100,00",3092053,534574,2557479,41922,93869,LULA,13,1554868,
PB,1,"100,00",3092053,534574,2557479,41922,93869,VERA,16,332,
PB,1,"100,00",3092053,534574,2557479,41922,93869,SIMONE TEBET,15,57154,
PB,1,"100,00",3092053,534574,2557479,41922,93869,JAIR BOLSONARO,22,717416,
PB,1,"100,00",3092053,534574,2557479,41922,93869,LÉO PÉRICLES,80,578,
PB,1,"100,00",3092053,534574,2557479,41922,93869,PADRE KELMON,14,1489,
PB,1,"100,00",3092053,534574,2557479,41922,93869,SORAYA THRONICKE,44,8713,
MG,1,"100,00",16283828,3628600,12655228,229425,409170,CIRO GOMES,12,310324,
MG,1,"100,00",16283828,3628600,12655228,229425,409170,LULA,13,5802571,
MG,1,"100,00",16283828,3628600,12655228,229425,409170,PADRE KELMON,14,7309,
MG,1,"100,00",16283828,3628600,12655228,229425,409170,SIMONE TEBET,15,500658,
MG,1,"100,00",16283828,3628600,12655228,229425,409170,VERA,16,2612,
MG,1,"100,00",16283828,3628600,12655228,229425,409170,LÉO PÉRICLES,80,5241,
MG,1,"100,00",16283828,3628600,12655228,229425,409170,JAIR BOLSONARO,22,5239264,
MG,1,"100,00",16283828,3628600,12655228,229425,409170,CONSTITUINTE EYMAEL,27,1588,
MG,1,"100,00",16283828,3628600,12655228,229425,409170,FELIPE D&apos;AVILA,30,98526,
MG,1,"100,00",16283828,3628600,12655228,229425,409170,SORAYA THRONICKE,44,44109,
MG,1,"100,00",16283828,3628600,12655228,229425,409170,SOFIA MANZANO,21,4431,
CE,3,"100,00",6812993,1189543,5623450,175459,249099,SERLEY LEAL,80,1881,Não eleito
CE,3,"100,00",6812993,1189543,5623450,175459,249099,ROBERTO CLÁUDIO,12,734976,Não eleito
CE,3,"100,00",6812993,1189543,5623450,175459,249099,CAPITÃO WAGNER,44,1649213,Não eleito
CE,3,"100,00",6812993,1189543,5623450,175459,249099,ZÉ BATISTA,16,1507,Não eleito
CE,3,"100,00",6812993,1189543,5623450,175459,249099,ELMANO DE FREITAS,13,2808300,Eleito
CE,3,"100,00",6812993,1189543,5623450,175459,249099,CHICO MALTA,21,3015,Não eleito
CE,5,"100,00",6812993,1189543,5623450,313270,451233,CARLOS SILVA,160,2919,Não eleito
CE,5,"100,00",6812993,1189543,5623450,313270,451233,KAMILA CARDOSO,700,1273272,Não eleito
CE,5,"100,00",6812993,1189543,5623450,313270,451233,CAMILO,131,3389513,Eleito
CE,5,"100,00",6812993,1189543,5623450,313270,451233,ERIKA AMORIM,555,193243,Não eleito
PB,5,"100,00",3086030,534154,2551876,235063,313018,BRUNO ROBERTO,222,231968,Não eleito
PB,5,"100,00",3086030,534154,2551876,235063,313018,EFRAIM FILHO,444,617477,Eleito
PB,5,"100,00",3086030,534154,2551876,235063,313018,POLLYANNA,400,457679,Não eleito
PB,5,"100,00",3086030,534154,2551876,235063,313018,ALEXANDRE SOARES,500,10289,Não eleito
PB,5,"100,00",3086030,534154,2551876,235063,313018,SERGIO QUEIROZ,282,233849,Não eleito
PB,5,"100,00",3086030,534154,2551876,235063,313018,ANDRE RIBEIRO,123,19903,Não eleito
PB,5,"100,00",3086030,534154,2551876,235063,313018,MANOEL MESSIAS,290,773,Não eleito
PB,5,"100,00",3086030,534154,2551876,235063,313018,RICARDO COUTINHO,133,431857,Não eleito
PB,3,"100,00",3086030,534154,2551876,122399,252753,PEDRO CUNHA LIMA,45,520155,2º turno
PB,3,"100,00",3086030,534154,2551876,122399,252753,JOÃO,40,863174,2º turno
PB,3,"100,00",3086030,534154,2551876,122399,252753,NASCIMENTO,16,978,Não eleito
PB,3,"100,00",3086030,534154,2551876,122399,252753,NILVAN FERREIRA,22,406604,Não eleito
PB,3,"100,00",3086030,534154,2551876,122399,252753,VENEZIANO,15,373511,Não eleito
PB,3,"100,00",3086030,534154,2551876,122399,252753,MAJOR FÁBIO,28,2455,Não eleito
PB,3,"100,00",3086030,534154,2551876,122399,252753,ADJANY SIMPLICIO,50,9567,Não eleito
PB,3,"100,00",3086030,534154,2551876,122399,252753,ADRIANO TRAJANO,29,280,Não eleito
PE,3,"100,00",7008795,1276506,5732289,283316,543554,MIGUEL COELHO,44,884941,Não eleito
PE,3,"100,00",7008795,1276506,5732289,283316,543554,CLAUDIA RIBEIRO,16,1745,Não eleito
PE,3,"100,00",7008795,1276506,5732289,283316,543554,RAQUEL LYRA,45,1009556,2º turno
PE,3,"100,00",7008795,1276506,5732289,283316,543554,JADILSON BOMBEIRO,35,2435,Não eleito
PE,3,"100,00",7008795,1276506,5732289,283316,543554,ANDERSON FERREIRA,22,890220,Não eleito
PE,3,"100,00",7008795,1276506,5732289,283316,543554,JOÃO ARNALDO,50,12558,Não eleito
PE,3,"100,00",7008795,1276506,5732289,283316,543554,MARÍLIA ARRAES,77,1175651,2º turno
PE,3,"100,00",7008795,1276506,5732289,283316,543554,PASTOR WELLINGTON,14,8020,Não eleito
PE,3,"100,00",7008795,1276506,5732289,283316,543554,DANILO CABRAL,40,885994,Não eleito
PE,3,"100,00",7008795,1276506,5732289,283316,543554,JONES MANOEL,21,33931,Não eleito
PE,5,"100,00",7008795,1276506,5732289,557609,705260,DAYSE MEDEIROS,160,12844,Não eleito
PE,5,"100,00",7008795,1276506,5732289,557609,705260,CANTOR ESTEVES JACINTO,281,15701,Não eleito
PE,5,"100,00",7008795,1276506,5732289,557609,705260,GUILHERME COELHO,456,187364,Não eleito
PE,5,"100,00",7008795,1276506,5732289,557609,705260,TERESA LEITÃO,130,2061276,Eleito
PE,5,"100,00",7008795,1276506,5732289,557609,705260,GILSON MACHADO,222,1320555,Não eleito
PE,5,"100,00",7008795,1276506,5732289,557609,705260,CARLOS ANDRADE LIMA,444,258289,Não eleito
PE,5,"100,00",7008795,1276506,5732289,557609,705260,EUGÊNIA LIMA,500,45358,Não eleito
PE,5,"100,00",7008795,1276506,5732289,557609,705260,ANDRÉ DE PAULA,555,567367,Não eleito
PE,5,"100,00",7008795,1276506,5732289,557609,705260,ROBERTA RITA,290,666,Não eleito
RN,5,"100,00",2550291,463569,2086722,154485,239728,RAFAEL MOTTA,400,385275,Não eleito
RN,5,"100,00",2550291,463569,2086722,154485,239728,MARCOS DO MLB,800,3535,Não eleito
RN,5,"100,00",2550291,463569,2086722,154485,239728,ROGÉRIO MARINHO,222,708351,Eleito
RN,5,"100,00",2550291,463569,2086722,154485,239728,VETERINARIA SHIRLEI MEDEIROS,270,5766,Não eleito
RN,5,"100,00",2550291,463569,2086722,154485,239728,CARLOS EDUARDO,123,565235,Não eleito
RN,5,"100,00",2550291,463569,2086722,154485,239728,GERALDO PINHO,192,10000,Não eleito
RN,5,"100,00",2550291,463569,2086722,154485,239728,PASTOR SILVESTRE,333,4024,Não eleito
RN,5,"100,00",2550291,463569,2086722,154485,239728,FREITAS JR.,500,6661,Não eleito
RN,5,"100,00",2550291,463569,2086722,154485,239728,DÁRIO BARBOSA,166,3072,Não eleito
RN,5,"100,00",2550291,463569,2086722,154485,239728,MARCELO GUERREIRO,282,590,Não eleito
RN,3,"100,00",2550291,463569,2086722,95721,162027,ROSÁLIA FERNANDES,16,2437,Não eleito
RN,3,"100,00",2550291,463569,2086722,95721,162027,FATIMA BEZERRA,13,1066496,Eleito
RN,3,"100,00",2550291,463569,2086722,95721,162027,DANNIEL MORAIS,50,3691,Não eleito
RN,3,"100,00",2550291,463569,2086722,95721,162027,NAZARENO NERIS,33,1325,Não eleito
RN,3,"100,00",2550291,463569,2086722,95721,162027,CAPITÃO STYVENSON,19,307330,Não eleito
RN,3,"100,00",2550291,463569,2086722,95721,162027,FABIO DANTAS,77,406461,Não eleito
RN,3,"100,00",2550291,463569,2086722,95721,162027,CLORISA LINHARES,35,39011,Não eleito
RN,3,"100,00",2550291,463569,2086722,95721,162027,RODRIGO VIEIRA,27,1045,Não eleito
RN,3,"100,00",2550291,463569,2086722,95721,162027,BENTO,28,1178,Não eleito
SP,3,"100,00",34639761,7491914,27147847,1645522,2149776,TARCISIO,10,9881995,2º turno
SP,3,"100,00",34639761,7491914,27147847,1645522,2149776,VINICIUS POIT,30,388974,Não eleito
SP,3,"100,00",34639761,7491914,27147847,1645522,2149776,ELVIS CEZAR,12,281712,Não eleito
SP,3,"100,00",34639761,7491914,27147847,1645522,2149776,ANTONIO JORGE,27,10778,Não eleito
SP,3,"100,00",34639761,7491914,27147847,1645522,2149776,FERNANDO HADDAD,13,8337139,2º turno
SP,3,"100,00",34639761,7491914,27147847,1645522,2149776,CAROL VIGLIAR,80,88767,Não eleito
SP,3,"100,00",34639761,7491914,27147847,1645522,2149776,RODRIGO GARCIA,45,4296293,Não eleito
SP,3,"100,00",34639761,7491914,27147847,1645522,2149776,EDSON DORTA,29,5305,Não eleito
SP,3,"100,00",34639761,7491914,27147847,1645522,2149776,ALTINO,16,14859,Não eleito
SP,3,"100,00",34639761,7491914,27147847,1645522,2149776,GABRIEL COLOMBO,21,46727,Não eleito
SP,5,"100,00",34639761,7491914,27147847,2548612,3029752,ALDO REBELO,123,230833,Não eleito
SP,5,"100,00",34639761,7491914,27147847,2548612,3029752,MANCHA COLETIVO SOCIALISTA,161,14598,Não eleito
SP,5,"100,00",34639761,7491914,27147847,2548612,3029752,ASTRONAUTA MARCOS PONTES,222,10714913,Eleito
SP,5,"100,00",34639761,7491914,27147847,2548612,3029752,JANAINA PASCHOAL,287,447550,Não eleito
SP,5,"100,00",34639761,7491914,27147847,2548612,3029752,MÁRCIO FRANÇA,400,7822518,Não eleito
SP,5,"100,00",34639761,7491914,27147847,2548612,3029752,DR. AZKOUL,270,19337,Não eleito
SP,5,"100,00",34639761,7491914,27147847,2548612,3029752,EDSON APARECIDO,155,1655224,Não eleito
SP,5,"100,00",34639761,7491914,27147847,2548612,3029752,VIVIAN MENDES,800,280460,Não eleito
SP,5,"100,00",34639761,7491914,27147847,2548612,3029752,RICARDO MELLÃO,300,311321,Não eleito
SP,5,"100,00",34639761,7491914,27147847,2548612,3029752,PROF. TITO BELLINI,211,59449,Não eleito
SP,5,"100,00",34639761,7491914,27147847,2548612,3029752,ANTÔNIO CARLOS,290,13280,Não eleito
CE,1,"100,00",6818732,1190122,5628610,72246,127100,CIRO GOMES,12,369222,
CE,1,"100,00",6818732,1190122,5628610,72246,127100,LULA,13,3578355,
CE,1,"100,00",6818732,1190122,5628610,72246,127100,PADRE KELMON,14,2278,
CE,1,"100,00",6818732,1190122,5628610,72246,127100,SIMONE TEBET,15,66214,
CE,1,"100,00",6818732,1190122,5628610,72246,127100,VERA,16,717,
CE,1,"100,00",6818732,1190122,5628610,72246,127100,LÉO PÉRICLES,80,1129,
CE,1,"100,00",6818732,1190122,5628610,72246,127100,JAIR BOLSONARO,22,1377827,
CE,1,"100,00",6818732,1190122,5628610,72246,127100,CONSTITUINTE EYMAEL,27,416,
CE,1,"100,00",6818732,1190122,5628610,72246,127100,FELIPE D&apos;AVILA,30,7030,
CE,1,"100,00",6818732,1190122,5628610,72246,127100,SORAYA THRONICKE,44,24497,
CE,1,"100,00",6818732,1190122,5628610,72246,127100,SOFIA MANZANO,21,1579,
TO,3,"100,00",1092189,202609,889580,23065,38314,PAULO MOURÃO,13,88143,Não eleito
TO,3,"100,00",1092189,202609,889580,23065,38314,CORONEL RICARDO MACEDO,35,5043,Não eleito
TO,3,"100,00",1092189,202609,889580,23065,38314,CARMEN HANNUD,29,384,Não eleito
TO,3,"100,00",1092189,202609,889580,23065,38314,KAROL CHAVES,50,2494,Não eleito
TO,3,"100,00",1092189,202609,889580,23065,38314,DR LUCIANO DO OSWALDO CRUZ,27,1232,Não eleito
TO,3,"100,00",1092189,202609,889580,23065,38314,RONALDO DIMAS,22,186361,Não eleito
TO,3,"100,00",1092189,202609,889580,23065,38314,IRAJÁ,55,63048,Não eleito
TO,3,"100,00",1092189,202609,889580,23065,38314,WANDERLEI BARBOSA,10,481496,Eleito
SC,1,"100,00",5501478,1014004,4487474,66871,89619,CIRO GOMES,12,88672,
SC,1,"100,00",5501478,1014004,4487474,66871,89619,LULA,13,1279216,
SC,1,"100,00",5501478,1014004,4487474,66871,89619,PADRE KELMON,14,3369,
SC,1,"100,00",5501478,1014004,4487474,66871,89619,SIMONE TEBET,15,191310,
SC,1,"100,00",5501478,1014004,4487474,66871,89619,VERA,16,838,
SC,1,"100,00",5501478,1014004,4487474,66871,89619,LÉO PÉRICLES,80,1682,
SC,1,"100,00",5501478,1014004,4487474,66871,89619,JAIR BOLSONARO,22,2694406,
SC,1,"100,00",5501478,1014004,4487474,66871,89619,CONSTITUINTE EYMAEL,27,567,
SC,1,"100,00",5501478,1014004,4487474,66871,89619,FELIPE D&apos;AVILA,30,48980,
SC,1,"100,00",5501478,1014004,4487474,66871,89619,SORAYA THRONICKE,44,20132,
SC,1,"100,00",5501478,1014004,4487474,66871,89619,SOFIA MANZANO,21,1812,
SC,3,"100,00",5483962,1012343,4471619,223025,166742,DÉCIO LIMA,13,710859,2º turno
SC,3,"100,00",5483962,1012343,4471619,223025,166742,ESPERIDIÃO AMIN,11,398092,Não eleito
SC,3,"100,00",5483962,1012343,4471619,223025,166742,ODAIR TRAMONTIN,30,114087,Não eleito
SC,3,"100,00",5483962,1012343,4471619,223025,166742,JORGE BOEIRA,12,24809,Não eleito
SC,3,"100,00",5483962,1012343,4471619,223025,166742,JORGINHO MELLO,22,1575912,2º turno
SC,3,"100,00",5483962,1012343,4471619,223025,166742,PROFESSOR ALEX ALANO,16,4395,Não eleito
SC,3,"100,00",5483962,1012343,4471619,223025,166742,MOISÉS,10,693426,Não eleito
SC,3,"100,00",5483962,1012343,4471619,223025,166742,RALF ZIMMER,90,3828,Não eleito
SC,3,"100,00",5483962,1012343,4471619,223025,166742,LEANDRO BORGES,29,829,Não eleito
SC,3,"100,00",5483962,1012343,4471619,223025,166742,GEAN LOUREIRO,44,555615,Não eleito
SC,5,"100,00",5483962,1012343,4471619,380138,358287,KENNEDY NUNES,142,443425,Não eleito
SC,5,"100,00",5483962,1012343,4471619,380138,358287,RAIMUNDO COLOMBO,551,608213,Não eleito
SC,5,"100,00",5483962,1012343,4471619,380138,358287,HILDA DEOLA,123,66496,Não eleito
SC,5,"100,00",5483962,1012343,4471619,380138,358287,LUIZ BARBOZA,300,99107,Não eleito
SC,5,"100,00",5483962,1012343,4471619,380138,358287,AFRÂNIO BOPPRÉ,500,116189,Não eleito
SC,5,"100,00",5483962,1012343,4471619,380138,358287,GILMAR SALGADO,161,2657,Não eleito
SC,5,"100,00",5483962,1012343,4471619,380138,358287,DÁRIO,400,605258,Não eleito
SC,5,"100,00",5483962,1012343,4471619,380138,358287,CELSO MALDANER,155,304799,Não eleito
SC,5,"100,00",5483962,1012343,4471619,380138,358287,JORGE SEIF,222,1484110,Eleito
AC,5,"100,00",587222,131784,455438,16867,26622,DIMAS SANDAS,364,413,Não eleito
AC,5,"100,00",587222,131784,455438,16867,26622,MARCIA BITTAR,222,41159,Não eleito
AC,5,"100,00",587222,131784,455438,16867,26622,NAZARÉ ARAÚJO,131,39555,Não eleito
AC,5,"100,00",587222,131784,455438,16867,26622,SANDERSON MOURA,500,2763,Não eleito
AC,5,"100,00",587222,131784,455438,16867,26622,DR. JENILSON LEITE,400,65522,Não eleito
AC,5,"100,00",587222,131784,455438,16867,26622,NEY AMORIM,199,73567,Não eleito
AC,5,"100,00",587222,131784,455438,16867,26622,ALAN RICK,444,154312,Eleito
AC,5,"100,00",587222,131784,455438,16867,26622,DRA. VANDA MILANI,900,34658,Não eleito
AC,3,"100,00",587222,131784,455438,7761,21077,JORGE VIANA,13,103265,Não eleito
AC,3,"100,00",587222,131784,455438,7761,21077,MARA ROCHA,15,47173,Não eleito
AC,3,"100,00",587222,131784,455438,7761,21077,PETECÃO,55,27393,Não eleito
AC,3,"100,00",587222,131784,455438,7761,21077,DAVID HALL,36,771,Não eleito
AC,3,"100,00",587222,131784,455438,7761,21077,MARCIO BITTAR,44,4773,Não eleito
AC,3,"100,00",587222,131784,455438,7761,21077,PROFESSOR NILSON,50,1125,Não eleito
AC,3,"100,00",587222,131784,455438,7761,21077,GLADSON CAMELI,11,242100,Eleito
AL,3,"100,00",2322905,520114,1802791,88769,193891,RUI PALMEIRA,55,157746,Não eleito
AL,3,"100,00",2322905,520114,1802791,88769,193891,RODRIGO CUNHA,44,407220,2º turno
AL,3,"100,00",2322905,520114,1802791,88769,193891,PAULO DANTAS,15,708984,2º turno
AL,3,"100,00",2322905,520114,1802791,88769,193891,LUCIANO ALMEIDA,28,2110,Não eleito
AL,3,"100,00",2322905,520114,1802791,88769,193891,COLLOR,14,223585,Não eleito
AL,3,"100,00",2322905,520114,1802791,88769,193891,PROFESSOR CICERO ALBUQUERQUE,50,17749,Não eleito
AL,3,"100,00",2322905,520114,1802791,88769,193891,BOMBEIRO LUCIANO FONTES,35,2737,Não eleito
AL,5,"100,00",2322905,520114,1802791,115519,174572,MARIO AGRA,500,12768,Não eleito
AL,5,"100,00",2322905,520114,1802791,115519,174572,RENAN FILHO,151,845988,Eleito
AL,5,"100,00",2322905,520114,1802791,115519,174572,DAVI DAVINO FILHO,111,627397,Não eleito
RN,1,"100,00",2554716,464112,2090604,26151,57189,CIRO GOMES,12,71740,
RN,1,"100,00",2554716,464112,2090604,26151,57189,LULA,13,1264179,
RN,1,"100,00",2554716,464112,2090604,26151,57189,PADRE KELMON,14,860,
RN,1,"100,00",2554716,464112,2090604,26151,57189,SIMONE TEBET,15,38633,
RN,1,"100,00",2554716,464112,2090604,26151,57189,VERA,16,422,
RN,1,"100,00",2554716,464112,2090604,26151,57189,LÉO PÉRICLES,80,587,
RN,1,"100,00",2554716,464112,2090604,26151,57189,JAIR BOLSONARO,22,622731,
RN,1,"100,00",2554716,464112,2090604,26151,57189,CONSTITUINTE EYMAEL,27,243,
RN,1,"100,00",2554716,464112,2090604,26151,57189,FELIPE D&apos;AVILA,30,2937,
RN,1,"100,00",2554716,464112,2090604,26151,57189,SORAYA THRONICKE,44,4326,
RN,1,"100,00",2554716,464112,2090604,26151,57189,SOFIA MANZANO,21,606,
DF,3,"100,00",2193783,386299,1807484,65969,86099,LEILA DO VÔLEI,12,79597,Não eleito
DF,3,"100,00",2193783,386299,1807484,65969,86099,ROBSON,16,841,Não eleito
DF,3,"100,00",2193783,386299,1807484,65969,86099,LUCAS SALLES,27,4218,Não eleito
DF,3,"100,00",2193783,386299,1807484,65969,86099,LEANDRO GRASS,43,434587,Não eleito
DF,3,"100,00",2193783,386299,1807484,65969,86099,PAULO OCTÁVIO PO,55,123715,Não eleito
DF,3,"100,00",2193783,386299,1807484,65969,86099,IBANEIS ROCHA,15,832633,Eleito
DF,3,"100,00",2193783,386299,1807484,65969,86099,TEODORO DA CRUZ,21,1155,Não eleito
DF,3,"100,00",2193783,386299,1807484,65969,86099,KEKA BAGNO,50,13613,Não eleito
DF,3,"100,00",2193783,386299,1807484,65969,86099,CORONEL MORENO,14,94100,Não eleito
DF,3,"100,00",2193783,386299,1807484,65969,86099,IZALCI,45,70584,Não eleito
DF,3,"100,00",2193783,386299,1807484,65969,86099,RENAN ARRUDA,29,373,Não eleito
DF,5,"100,00",2193783,386299,1807484,119075,99697,JOE VALLE,123,49310,Não eleito
DF,5,"100,00",2193783,386299,1807484,119075,99697,MARCELO HIPÓLITO,142,1841,Não eleito
DF,5,"100,00",2193783,386299,1807484,119075,99697,FLÁVIA ARRUDA,222,429676,Não eleito
DF,5,"100,00",2193783,386299,1807484,119075,99697,TENENTE CORONEL SOUZA JÚNIOR,270,4795,Não eleito
DF,5,"100,00",2193783,386299,1807484,119075,99697,CARLOS RODRIGUES,555,9366,Não eleito
DF,5,"100,00",2193783,386299,1807484,119075,99697,ELCIMARA,161,2473,Não eleito
DF,5,"100,00",2193783,386299,1807484,119075,99697,DAMARES ALVES,100,714562,Eleito
DF,5,"100,00",2193783,386299,1807484,119075,99697,ROSILENE CORRÊA,133,356198,Não eleito
DF,5,"100,00",2193783,386299,1807484,119075,99697,EXPEDITO  MENDONÇA,290,613,Não eleito
DF,5,"100,00",2193783,386299,1807484,119075,99697,HÉLIO JOSÉ,777,2069,Não eleito
DF,5,"100,00",2193783,386299,1807484,119075,99697,YARA PRADO,456,9676,Não eleito
DF,5,"100,00",2193783,386299,1807484,119075,99697,PEDRO IVO MANDATO COLETIVO,180,8133,Não eleito
AP,3,"100,00",549335,107234,442101,6494,21795,GILVAM BORGES,15,4510,Não eleito
AP,3,"100,00",549335,107234,442101,6494,21795,CLÉCIO,77,222168,Eleito
AP,3,"100,00",549335,107234,442101,6494,21795,JAIME NUNES,55,176208,Não eleito
AP,3,"100,00",549335,107234,442101,6494,21795,GESIEL DE OLIVEIRA,28,8704,Não eleito
AP,3,"100,00",549335,107234,442101,6494,21795,GIANFRANCO,16,1588,Não eleito
AP,3,"100,00",549335,107234,442101,6494,21795,JAIRO PALHETA,29,634,Não eleito
AP,5,"100,00",549335,107234,442101,10978,21613,RAYSSA FURLAN,151,174128,Não eleito
AP,5,"100,00",549335,107234,442101,10978,21613,MARINALDO DE SOUSA SILVA,299,174,Não eleito
AP,5,"100,00",549335,107234,442101,10978,21613,GUARACY,145,9177,Não eleito
AP,5,"100,00",549335,107234,442101,10978,21613,VALDENOR GUEDES,700,971,Não eleito
AP,5,"100,00",549335,107234,442101,10978,21613,GILBERTO LAURINDO,510,2033,Não eleito
AP,5,"100,00",549335,107234,442101,10978,21613,DAVI,444,196087,Eleito
AP,5,"100,00",549335,107234,442101,10978,21613,CAPI,401,21979,Não eleito
AP,5,"100,00",549335,107234,442101,10978,21613,SUELI PINI,288,4961,Não eleito
PR,1,"100,00",8480435,1651892,6828543,108894,152885,CIRO GOMES,12,180599,
PR,1,"100,00",8480435,1651892,6828543,108894,152885,LULA,13,2363492,
PR,1,"100,00",8480435,1651892,6828543,108894,152885,PADRE KELMON,14,5161,
PR,1,"100,00",8480435,1651892,6828543,108894,152885,SIMONE TEBET,15,309685,
PR,1,"100,00",8480435,1651892,6828543,108894,152885,VERA,16,1170,
PR,1,"100,00",8480435,1651892,6828543,108894,152885,LÉO PÉRICLES,80,2089,
PR,1,"100,00",8480435,1651892,6828543,108894,152885,JAIR BOLSONARO,22,3628612,
PR,1,"100,00",8480435,1651892,6828543,108894,152885,CONSTITUINTE EYMAEL,27,1104,
PR,1,"100,00",8480435,1651892,6828543,108894,152885,FELIPE D&apos;AVILA,30,37983,
PR,1,"100,00",8480435,1651892,6828543,108894,152885,SORAYA THRONICKE,44,34125,
PR,1,"100,00",8480435,1651892,6828543,108894,152885,SOFIA MANZANO,21,2744,
RJ,1,"100,00",12826356,2916893,9909463,159773,293013,CIRO GOMES,12,301489,
RJ,1,"100,00",12826356,2916893,9909463,159773,293013,CONSTITUINTE EYMAEL,27,1546,
RJ,1,"100,00",12826356,2916893,9909463,159773,293013,LULA,13,3847143,
RJ,1,"100,00",12826356,2916893,9909463,159773,293013,PADRE KELMON,14,7760,
RJ,1,"100,00",12826356,2916893,9909463,159773,293013,SOFIA MANZANO,21,4458,
RJ,1,"100,00",12826356,2916893,9909463,159773,293013,JAIR BOLSONARO,22,4831246,
RJ,1,"100,00",12826356,2916893,9909463,159773,293013,VERA,16,2643,
RJ,1,"100,00",12826356,2916893,9909463,159773,293013,SORAYA THRONICKE,44,44252,
RJ,1,"100,00",12826356,2916893,9909463,159773,293013,LÉO PÉRICLES,80,7080,
RJ,1,"100,00",12826356,2916893,9909463,159773,293013,FELIPE D&apos;AVILA,30,43091,
RJ,1,"100,00",12826356,2916893,9909463,159773,293013,SIMONE TEBET,15,365969,
RS,1,"100,00",8589432,1699416,6890016,129345,122919,CIRO GOMES,12,190945,
RS,1,"100,00",8589432,1699416,6890016,129345,122919,LULA,13,2806672,
RS,1,"100,00",8589432,1699416,6890016,129345,122919,PADRE KELMON,14,4394,
RS,1,"100,00",8589432,1699416,6890016,129345,122919,SIMONE TEBET,15,317957,
RS,1,"100,00",8589432,1699416,6890016,129345,122919,VERA,16,1337,
RS,1,"100,00",8589432,1699416,6890016,129345,122919,LÉO PÉRICLES,80,2332,
RS,1,"100,00",8589432,1699416,6890016,129345,122919,JAIR BOLSONARO,22,3245023,
RS,1,"100,00",8589432,1699416,6890016,129345,122919,CONSTITUINTE EYMAEL,27,885,
RS,1,"100,00",8589432,1699416,6890016,129345,122919,FELIPE D&apos;AVILA,30,40601,
RS,1,"100,00",8589432,1699416,6890016,129345,122919,SORAYA THRONICKE,44,25207,
RS,1,"100,00",8589432,1699416,6890016,129345,122919,SOFIA MANZANO,21,2399,
BA,1,"100,00",11283405,2408564,8874841,123450,328383,CIRO GOMES,12,217224,
BA,1,"100,00",11283405,2408564,8874841,123450,328383,LULA,13,5873081,
BA,1,"100,00",11283405,2408564,8874841,123450,328383,PADRE KELMON,14,4898,
BA,1,"100,00",11283405,2408564,8874841,123450,328383,SIMONE TEBET,15,197305,
BA,1,"100,00",11283405,2408564,8874841,123450,328383,VERA,16,1148,
BA,1,"100,00",11283405,2408564,8874841,123450,328383,LÉO PÉRICLES,80,1926,
BA,1,"100,00",11283405,2408564,8874841,123450,328383,JAIR BOLSONARO,22,2047599,
BA,1,"100,00",11283405,2408564,8874841,123450,328383,CONSTITUINTE EYMAEL,27,753,
BA,1,"100,00",11283405,2408564,8874841,123450,328383,FELIPE D&apos;AVILA,30,11605,
BA,1,"100,00",11283405,2408564,8874841,123450,328383,SORAYA THRONICKE,44,65046,
BA,1,"100,00",11283405,2408564,8874841,123450,328383,SOFIA MANZANO,21,2423,
DF,1,"100,00",2206996,387096,1819900,25162,32163,CIRO GOMES,12,74308,
DF,1,"100,00",2206996,387096,1819900,25162,32163,LULA,13,649534,
DF,1,"100,00",2206996,387096,1819900,25162,32163,PADRE KELMON,14,1554,
DF,1,"100,00",2206996,387096,1819900,25162,32163,SIMONE TEBET,15,105377,
DF,1,"100,00",2206996,387096,1819900,25162,32163,VERA,16,454,
DF,1,"100,00",2206996,387096,1819900,25162,32163,LÉO PÉRICLES,80,1262,
DF,1,"100,00",2206996,387096,1819900,25162,32163,JAIR BOLSONARO,22,910397,
DF,1,"100,00",2206996,387096,1819900,25162,32163,CONSTITUINTE EYMAEL,27,518,
DF,1,"100,00",2206996,387096,1819900,25162,32163,FELIPE D&apos;AVILA,30,10342,
DF,1,"100,00",2206996,387096,1819900,25162,32163,SORAYA THRONICKE,44,7935,
DF,1,"100,00",2206996,387096,1819900,25162,32163,SOFIA MANZANO,21,894,
ES,3,"100,00",2917714,606085,2311629,101146,129835,RENATO CASAGRANDE,40,976652,2º turno
ES,3,"100,00",2917714,606085,2311629,101146,129835,AUDIFAX,18,135512,Não eleito
ES,3,"100,00",2917714,606085,2311629,101146,129835,MANATO,22,800598,2º turno
ES,3,"100,00",2917714,606085,2311629,101146,129835,ARIDELMO ,30,15786,Não eleito
ES,3,"100,00",2917714,606085,2311629,101146,129835,CLAUDIO PAIVA,28,1418,Não eleito
ES,3,"100,00",2917714,606085,2311629,101146,129835,CAPITAO VINICIUS SOUSA,16,4505,Não eleito
ES,3,"100,00",2917714,606085,2311629,101146,129835,GUERINO ZANON,55,146177,Não eleito
ES,5,"100,00",2917714,606085,2311629,180346,173933,ERICK MUSSO,100,337642,Não eleito
ES,5,"100,00",2917714,606085,2311629,180346,173933,NELSON JUNIOR,700,11787,Não eleito
ES,5,"100,00",2917714,606085,2311629,180346,173933,MAGNO MALTA,222,821189,Eleito
ES,5,"100,00",2917714,606085,2311629,180346,173933,CORONEL LUGATO,277,7978,Não eleito
ES,5,"100,00",2917714,606085,2311629,180346,173933,CARONE,366,3357,Não eleito
ES,5,"100,00",2917714,606085,2311629,180346,173933,ROSE DE FREITAS,156,747104,Não eleito
ES,5,"100,00",2917714,606085,2311629,180346,173933,ANTONIO BUNGENSTAB,288,2534,Não eleito
ES,5,"100,00",2917714,606085,2311629,180346,173933,GILBERTO CAMPOS COLETIVA,500,20138,Não eleito
ES,5,"100,00",2917714,606085,2311629,180346,173933,FILIPE SKITER,161,5621,Não eleito
PR,3,"100,00",8466408,1650720,6815688,329657,393173,SOLANGE FERREIRA BUENO,33,10337,Não eleito
PR,3,"100,00",8466408,1650720,6815688,329657,393173,JONI CORREIA,27,50729,Não eleito
PR,3,"100,00",8466408,1650720,6815688,329657,393173,CARLOS MASSA RATINHO JUNIOR,55,4243292,Eleito
PR,3,"100,00",8466408,1650720,6815688,329657,393173,REQUIAO,13,1598204,Não eleito
PR,3,"100,00",8466408,1650720,6815688,329657,393173,PROFESSOR IVAN,16,4502,Não eleito
PR,3,"100,00",8466408,1650720,6815688,329657,393173,VIVI MOTTA,21,13577,Não eleito
PR,3,"100,00",8466408,1650720,6815688,329657,393173,ADRIANO TEIXEIRA,29,2096,Não eleito
PR,3,"100,00",8466408,1650720,6815688,329657,393173,GOMYDE,12,126945,Não eleito
PR,3,"100,00",8466408,1650720,6815688,329657,393173,PROFESSORA ANGELA,50,43176,Não eleito
RJ,3,"100,00",12809126,2915468,9893658,591576,894384,EDUARDO SERRA,21,10852,Não eleito
RJ,3,"100,00",12809126,2915468,9893658,591576,894384,MARCELO FREIXO,40,2300980,Não eleito
RJ,3,"100,00",12809126,2915468,9893658,591576,894384,PAULO GANIME ,30,446580,Não eleito
RJ,3,"100,00",12809126,2915468,9893658,591576,894384,JULIETE,80,27344,Não eleito
RJ,3,"100,00",12809126,2915468,9893658,591576,894384,LUIZ EUGÊNIO,29,1844,Não eleito
RJ,3,"100,00",12809126,2915468,9893658,591576,894384,CLÁUDIO CASTRO,22,4930288,Eleito
RJ,3,"100,00",12809126,2915468,9893658,591576,894384,CYRO GARCIA,16,12627,Não eleito
RJ,3,"100,00",12809126,2915468,9893658,591576,894384,RODRIGO NEVES,12,672291,Não eleito
RJ,5,"100,00",12809126,2915468,9893658,752864,972167,HIRAN ROEDEL,211,5120,Não eleito
RJ,5,"100,00",12809126,2915468,9893658,752864,972167,CABO DACIOLO,120,285037,Não eleito
RJ,5,"100,00",12809126,2915468,9893658,752864,972167,SUED HAIDAR ,355,11933,Não eleito
RJ,5,"100,00",12809126,2915468,9893658,752864,972167,CLARISSA,444,1145413,Não eleito
RJ,5,"100,00",12809126,2915468,9893658,752864,972167,ANDRE CECILIANO,133,986676,Não eleito
RJ,5,"100,00",12809126,2915468,9893658,752864,972167,BÁRBARA SINEDINO,160,18222,Não eleito
RJ,5,"100,00",12809126,2915468,9893658,752864,972167,ITAGIBA,700,18224,Não eleito
RJ,5,"100,00",12809126,2915468,9893658,752864,972167,RAUL,800,7299,Não eleito
RJ,5,"100,00",12809126,2915468,9893658,752864,972167,DANIEL SILVEIRA,142,1566352,Não eleito
RJ,5,"100,00",12809126,2915468,9893658,752864,972167,PROF. HELVIO COSTA,277,7036,Não eleito
RJ,5,"100,00",12809126,2915468,9893658,752864,972167,ANTONIO HERMANO,290,1198,Não eleito
RJ,5,"100,00",12809126,2915468,9893658,752864,972167,ROMÁRIO,222,2384331,Eleito
RJ,5,"100,00",12809126,2915468,9893658,752864,972167,ALESSANDRO MOLON,400,1731786,Não eleito
RS,3,"100,00",8582100,1698759,6883341,341049,190415,VICENTE BOGO,40,17222,Não eleito
RS,3,"100,00",8582100,1698759,6883341,341049,190415,EDEGAR PRETTO,13,1700374,Não eleito
RS,3,"100,00",8582100,1698759,6883341,341049,190415,LUIS CARLOS HEINZE,11,271540,Não eleito
RS,3,"100,00",8582100,1698759,6883341,341049,190415,RICARDO JOBIM,30,38887,Não eleito
RS,3,"100,00",8582100,1698759,6883341,341049,190415,ONYX LORENZONI,22,2382026,2º turno
RS,3,"100,00",8582100,1698759,6883341,341049,190415,REJANE DE OLIVEIRA,16,6252,Não eleito
RS,3,"100,00",8582100,1698759,6883341,341049,190415,ARGENTA,20,126899,Não eleito
RS,3,"100,00",8582100,1698759,6883341,341049,190415,VIEIRA DA CUNHA,12,101611,Não eleito
RS,3,"100,00",8582100,1698759,6883341,341049,190415,EDUARDO LEITE,45,1702815,2º turno
RS,3,"100,00",8582100,1698759,6883341,341049,190415,CARLOS MESSALLA,21,4003,Não eleito
RS,5,"100,00",8582100,1698759,6883341,527127,396256,OLÍVIO DUTRA,131,2225458,Não eleito
RS,5,"100,00",8582100,1698759,6883341,527127,396256,PAULO ROSA,270,2077,Não eleito
RS,5,"100,00",8582100,1698759,6883341,527127,396256,HAMILTON MOURÃO,100,2593294,Eleito
RS,5,"100,00",8582100,1698759,6883341,527127,396256,PROFESSOR NADO,700,33923,Não eleito
RS,5,"100,00",8582100,1698759,6883341,527127,396256,SANNY FIGUEIREDO,400,31613,Não eleito
RS,5,"100,00",8582100,1698759,6883341,527127,396256,FABIANA SANGUINÉ,160,9353,Não eleito
RS,5,"100,00",8582100,1698759,6883341,527127,396256,MARISTELA ZANOTTO,200,17292,Não eleito
RS,5,"100,00",8582100,1698759,6883341,527127,396256,ANA AMÉLIA LEMOS,555,966450,Não eleito
SE,5,"100,00",1669042,306438,1362604,107308,169033,HENRI CLAY,500,52741,Não eleito
SE,5,"100,00",1669042,306438,1362604,107308,169033,DELEGADA DANIELLE GARCIA,190,206135,Não eleito
SE,5,"100,00",1669042,306438,1362604,107308,169033,HERALDO GOES,161,1600,Não eleito
SE,5,"100,00",1669042,306438,1362604,107308,169033,DR. EDUARDO AMORIM,222,246398,Não eleito
SE,5,"100,00",1669042,306438,1362604,107308,169033,AIRTON COSTA,270,1333,Não eleito
SE,5,"100,00",1669042,306438,1362604,107308,169033,VALADARES FILHO,404,267756,Não eleito
SE,5,"100,00",1669042,306438,1362604,107308,169033,LAÉRCIO,111,310300,Eleito
SE,3,"100,00",1669042,306438,1362604,62604,84140,DR CLAUDIO MEDICO GERIATRA,27,2655,Não eleito
SE,3,"100,00",1669042,306438,1362604,62604,84140,FÁBIO,55,294936,2º turno
SE,3,"100,00",1669042,306438,1362604,62604,84140,ROGÉRIO CARVALHO,13,338796,2º turno
SE,3,"100,00",1669042,306438,1362604,62604,84140,NIULLY CAMPOS,50,37366,Não eleito
SE,3,"100,00",1669042,306438,1362604,62604,84140,PROF AROLDO FELIX,80,1044,Não eleito
SE,3,"100,00",1669042,306438,1362604,62604,84140,DELEGADO ALESSANDRO,45,82495,Não eleito
SE,3,"100,00",1669042,306438,1362604,62604,84140,ELINOS SABINO,16,646,Não eleito
AL,1,"100,00",2326491,520520,1805971,28792,52962,CIRO GOMES,12,43542,
AL,1,"100,00",2326491,520520,1805971,28792,52962,LULA,13,974156,
AL,1,"100,00",2326491,520520,1805971,28792,52962,PADRE KELMON,14,3020,
AL,1,"100,00",2326491,520520,1805971,28792,52962,SIMONE TEBET,15,67411,
AL,1,"100,00",2326491,520520,1805971,28792,52962,VERA,16,325,
AL,1,"100,00",2326491,520520,1805971,28792,52962,LÉO PÉRICLES,80,482,
AL,1,"100,00",2326491,520520,1805971,28792,52962,JAIR BOLSONARO,22,621515,
AL,1,"100,00",2326491,520520,1805971,28792,52962,CONSTITUINTE EYMAEL,27,139,
AL,1,"100,00",2326491,520520,1805971,28792,52962,FELIPE D&apos;AVILA,30,2450,
AL,1,"100,00",2326491,520520,1805971,28792,52962,SORAYA THRONICKE,44,10683,
AL,1,"100,00",2326491,520520,1805971,28792,52962,SOFIA MANZANO,21,494,
AM,1,"99,99",2646924,532928,2113551,19568,37524,CIRO GOMES,12,44525,
AM,1,"99,99",2646924,532928,2113551,19568,37524,LULA,13,1019585,
AM,1,"99,99",2646924,532928,2113551,19568,37524,PADRE KELMON,14,1373,
AM,1,"99,99",2646924,532928,2113551,19568,37524,SIMONE TEBET,15,87057,
AM,1,"99,99",2646924,532928,2113551,19568,37524,VERA,16,393,
AM,1,"99,99",2646924,532928,2113551,19568,37524,LÉO PÉRICLES,80,484,
AM,1,"99,99",2646924,532928,2113551,19568,37524,JAIR BOLSONARO,22,880087,
AM,1,"99,99",2646924,532928,2113551,19568,37524,CONSTITUINTE EYMAEL,27,267,
AM,1,"99,99",2646924,532928,2113551,19568,37524,FELIPE D&apos;AVILA,30,5212,
AM,1,"99,99",2646924,532928,2113551,19568,37524,SORAYA THRONICKE,44,17000,
AM,1,"99,99",2646924,532928,2113551,19568,37524,SOFIA MANZANO,21,476,
PR,5,"100,00",8466408,1650720,6815688,478670,506442,ROBERTO FRANÇA DA SILVA JUNIOR,290,3402,Não eleito
PR,5,"100,00",8466408,1650720,6815688,478670,506442,SERGIO MORO,444,1953188,Eleito
PR,5,"100,00",8466408,1650720,6815688,478670,506442,ROSANE FERREIRA,433,475597,Não eleito
PR,5,"100,00",8466408,1650720,6815688,478670,506442,PAULO MARTINS,222,1697962,Não eleito
PR,5,"100,00",8466408,1650720,6815688,478670,506442,LAERSON MATIAS,500,17953,Não eleito
PR,5,"100,00",8466408,1650720,6815688,478670,506442,ALINE SLEUTJES,900,89560,Não eleito
PR,5,"100,00",8466408,1650720,6815688,478670,506442,ORLANDO PESSUTI,155,63784,Não eleito
PR,5,"100,00",8466408,1650720,6815688,478670,506442,ALVARO DIAS,190,1396089,Não eleito
PR,5,"100,00",8466408,1650720,6815688,478670,506442,DESIREE,123,130520,Não eleito
PR,5,"100,00",8466408,1650720,6815688,478670,506442,DR SABOIA,337,2521,Não eleito
RO,3,"100,00",1228788,303025,925763,30765,44643,LÉO MORAES,19,119583,Não eleito
RO,3,"100,00",1228788,303025,925763,30765,44643,CORONEL MARCOS ROCHA,44,330656,2º turno
RO,3,"100,00",1228788,303025,925763,30765,44643,DANIEL PEREIRA,77,81421,Não eleito
RO,3,"100,00",1228788,303025,925763,30765,44643,PIMENTA DE RONDONIA,50,3660,Não eleito
RO,3,"100,00",1228788,303025,925763,30765,44643,MARCOS ROGERIO,22,315035,2º turno
RO,5,"100,00",1228788,303025,925763,49421,56624,JAQUELINE CASSOL,111,104020,Não eleito
RO,5,"100,00",1228788,303025,925763,49421,56624,MARIANA CARVALHO,100,263559,Não eleito
RO,5,"100,00",1228788,303025,925763,49421,56624,JAIME BAGATTOLI,222,293488,Eleito
RO,5,"100,00",1228788,303025,925763,49421,56624,DRA ROSANGELA LÁZARO,364,3788,Não eleito
RO,5,"100,00",1228788,303025,925763,49421,56624,ACIR GURGACZ,123,63300,Não eleito
RO,5,"100,00",1228788,303025,925763,49421,56624,PASTOR JOSINELIO,355,7617,Não eleito
RO,5,"100,00",1228788,303025,925763,49421,56624,EXPEDITO JUNIOR,555,83946,Não eleito
MT,1,"100,00",2469604,577424,1892180,18680,30612,CIRO GOMES,12,29437,
MT,1,"100,00",2469604,577424,1892180,18680,30612,LULA,13,633748,
MT,1,"100,00",2469604,577424,1892180,18680,30612,PADRE KELMON,14,2545,
MT,1,"100,00",2469604,577424,1892180,18680,30612,SIMONE TEBET,15,55989,
MT,1,"100,00",2469604,577424,1892180,18680,30612,VERA,16,250,
MT,1,"100,00",2469604,577424,1892180,18680,30612,LÉO PÉRICLES,80,366,
MT,1,"100,00",2469604,577424,1892180,18680,30612,JAIR BOLSONARO,22,1102866,
MT,1,"100,00",2469604,577424,1892180,18680,30612,CONSTITUINTE EYMAEL,27,195,
MT,1,"100,00",2469604,577424,1892180,18680,30612,FELIPE D&apos;AVILA,30,4371,
MT,1,"100,00",2469604,577424,1892180,18680,30612,SORAYA THRONICKE,44,12715,
MT,1,"100,00",2469604,577424,1892180,18680,30612,SOFIA MANZANO,21,406,
AC,1,"100,00",587738,131835,455903,4664,10322,CIRO GOMES,12,12314,
AC,1,"100,00",587738,131835,455903,4664,10322,PADRE KELMON,14,279,
AC,1,"100,00",587738,131835,455903,4664,10322,FELIPE D&apos;AVILA,30,825,
AC,1,"100,00",587738,131835,455903,4664,10322,SOFIA MANZANO,21,144,
AC,1,"100,00",587738,131835,455903,4664,10322,JAIR BOLSONARO,22,275582,
AC,1,"100,00",587738,131835,455903,4664,10322,SORAYA THRONICKE,44,2444,
AC,1,"100,00",587738,131835,455903,4664,10322,VERA,16,77,
AC,1,"100,00",587738,131835,455903,4664,10322,LÉO PÉRICLES,80,64,
AC,1,"100,00",587738,131835,455903,4664,10322,LULA,13,129022,
AC,1,"100,00",587738,131835,455903,4664,10322,CONSTITUINTE EYMAEL,27,44,
AC,1,"100,00",587738,131835,455903,4664,10322,SIMONE TEBET,15,20122,
ES,1,"100,00",2922379,606490,2315889,39541,55218,CIRO GOMES,12,56221,
ES,1,"100,00",2922379,606490,2315889,39541,55218,LULA,13,897348,
ES,1,"100,00",2922379,606490,2315889,39541,55218,PADRE KELMON,14,1752,
ES,1,"100,00",2922379,606490,2315889,39541,55218,SIMONE TEBET,15,85325,
ES,1,"100,00",2922379,606490,2315889,39541,55218,VERA,16,437,
ES,1,"100,00",2922379,606490,2315889,39541,55218,LÉO PÉRICLES,80,672,
ES,1,"100,00",2922379,606490,2315889,39541,55218,JAIR BOLSONARO,22,1160030,
ES,1,"100,00",2922379,606490,2315889,39541,55218,CONSTITUINTE EYMAEL,27,377,
ES,1,"100,00",2922379,606490,2315889,39541,55218,FELIPE D&apos;AVILA,30,8341,
ES,1,"100,00",2922379,606490,2315889,39541,55218,SORAYA THRONICKE,44,9944,
ES,1,"100,00",2922379,606490,2315889,39541,55218,SOFIA MANZANO,21,683,
MT,3,"100,00",2465926,576914,1889012,98676,162124,PASTOR MARCOS RITELA,14,233543,Não eleito
MT,3,"100,00",2465926,576914,1889012,98676,162124,MOISÉS FRANZ,50,12948,Não eleito
MT,3,"100,00",2465926,576914,1889012,98676,162124,MARCIA PINHEIRO,43,267172,Não eleito
MT,3,"100,00",2465926,576914,1889012,98676,162124,MAURO MENDES,44,1114549,Eleito
MT,5,"100,00",2465926,576914,1889012,134009,145755,JOSÉ ROBERTO,500,22491,Não eleito
MT,5,"100,00",2465926,576914,1889012,134009,145755,KÁSSIO COELHO,510,52940,Não eleito
MT,5,"100,00",2465926,576914,1889012,134009,145755,WELLINGTON FAGUNDES,222,825229,Eleito
MT,5,"100,00",2465926,576914,1889012,134009,145755,DR. JORGE YANAI,270,27937,Não eleito
MT,5,"100,00",2465926,576914,1889012,134009,145755,FELICIANO AZUAGA,300,33167,Não eleito
MT,5,"100,00",2465926,576914,1889012,134009,145755,ANTÔNIO GALVAN,144,337003,Não eleito
AP,1,"100,00",550165,107323,442842,3289,7392,CIRO GOMES,12,14670,
AP,1,"100,00",550165,107323,442842,3289,7392,LULA,13,197382,
AP,1,"100,00",550165,107323,442842,3289,7392,PADRE KELMON,14,359,
AP,1,"100,00",550165,107323,442842,3289,7392,SIMONE TEBET,15,27497,
AP,1,"100,00",550165,107323,442842,3289,7392,VERA,16,144,
AP,1,"100,00",550165,107323,442842,3289,7392,LÉO PÉRICLES,80,105,
AP,1,"100,00",550165,107323,442842,3289,7392,JAIR BOLSONARO,22,187621,
AP,1,"100,00",550165,107323,442842,3289,7392,CONSTITUINTE EYMAEL,27,62,
AP,1,"100,00",550165,107323,442842,3289,7392,FELIPE D&apos;AVILA,30,1236,
AP,1,"100,00",550165,107323,442842,3289,7392,SORAYA THRONICKE,44,2955,
AP,1,"100,00",550165,107323,442842,3289,7392,SOFIA MANZANO,21,130,
RO,1,"100,00",1229998,303171,926827,9350,14242,CIRO GOMES,12,19353,
RO,1,"100,00",1229998,303171,926827,9350,14242,LULA,13,261749,
RO,1,"100,00",1229998,303171,926827,9350,14242,PADRE KELMON,14,749,
RO,1,"100,00",1229998,303171,926827,9350,14242,SIMONE TEBET,15,31217,
RO,1,"100,00",1229998,303171,926827,9350,14242,VERA,16,139,
RO,1,"100,00",1229998,303171,926827,9350,14242,LÉO PÉRICLES,80,204,
RO,1,"100,00",1229998,303171,926827,9350,14242,JAIR BOLSONARO,22,581306,
RO,1,"100,00",1229998,303171,926827,9350,14242,CONSTITUINTE EYMAEL,27,111,
RO,1,"100,00",1229998,303171,926827,9350,14242,FELIPE D&apos;AVILA,30,2398,
RO,1,"100,00",1229998,303171,926827,9350,14242,SORAYA THRONICKE,44,5777,
RO,1,"100,00",1229998,303171,926827,9350,14242,SOFIA MANZANO,21,232,
RR,3,"100,00",365395,61076,304319,3029,12357,FÁBIO ALMEIDA,50,3843,Não eleito
RR,3,"100,00",365395,61076,304319,3029,12357,RUDSON LEITE,43,1189,Não eleito
RR,3,"100,00",365395,61076,304319,3029,12357,TERESA SURITA,15,118856,Não eleito
RR,3,"100,00",365395,61076,304319,3029,12357,JURACI ESCURINHO,12,1878,Não eleito
RR,3,"100,00",365395,61076,304319,3029,12357,ANTONIO DENARIUM,11,163167,Eleito
RR,5,"100,00",365395,61076,304319,10203,12782,OZEAS COLARES,190,5393,Não eleito
RR,5,"100,00",365395,61076,304319,10203,12782,MAURICIO COSTA,511,1052,Não eleito
RR,5,"100,00",365395,61076,304319,10203,12782,TELMARIO MOTA,903,19609,Não eleito
RR,5,"100,00",365395,61076,304319,10203,12782,ROMERO JUCÁ,156,91431,Não eleito
RR,5,"100,00",365395,61076,304319,10203,12782,DR ILDERSON,144,5542,Não eleito
RR,5,"100,00",365395,61076,304319,10203,12782,MARANHÃO DO POVÃO,123,2822,Não eleito
RR,5,"100,00",365395,61076,304319,10203,12782,DR. HIRAN,111,118760,Eleito
RR,5,"100,00",365395,61076,304319,10203,12782,BARTÔ MACUXI,500,11171,Não eleito
SE,1,"100,00",1671376,306652,1364724,20224,46068,CIRO GOMES,12,40247,
SE,1,"100,00",1671376,306652,1364724,20224,46068,LULA,13,828716,
SE,1,"100,00",1671376,306652,1364724,20224,46068,PADRE KELMON,14,631,
SE,1,"100,00",1671376,306652,1364724,20224,46068,SIMONE TEBET,15,42073,
SE,1,"100,00",1671376,306652,1364724,20224,46068,VERA,16,589,
SE,1,"100,00",1671376,306652,1364724,20224,46068,LÉO PÉRICLES,80,396,
SE,1,"100,00",1671376,306652,1364724,20224,46068,JAIR BOLSONARO,22,378610,
SE,1,"100,00",1671376,306652,1364724,20224,46068,CONSTITUINTE EYMAEL,27,196,
SE,1,"100,00",1671376,306652,1364724,20224,46068,FELIPE D&apos;AVILA,30,2194,
SE,1,"100,00",1671376,306652,1364724,20224,46068,SORAYA THRONICKE,44,4416,
SE,1,"100,00",1671376,306652,1364724,20224,46068,SOFIA MANZANO,21,364,
MA,1,"100,00",5039287,1118852,3920435,35605,103185,CIRO GOMES,12,96095,
MA,1,"100,00",5039287,1118852,3920435,35605,103185,LULA,13,2603454,
MA,1,"100,00",5039287,1118852,3920435,35605,103185,PADRE KELMON,14,4357,
MA,1,"100,00",5039287,1118852,3920435,35605,103185,SIMONE TEBET,15,78254,
MA,1,"100,00",5039287,1118852,3920435,35605,103185,VERA,16,799,
MA,1,"100,00",5039287,1118852,3920435,35605,103185,LÉO PÉRICLES,80,630,
MA,1,"100,00",5039287,1118852,3920435,35605,103185,JAIR BOLSONARO,22,983861,
MA,1,"100,00",5039287,1118852,3920435,35605,103185,CONSTITUINTE EYMAEL,27,391,
MA,1,"100,00",5039287,1118852,3920435,35605,103185,FELIPE D&apos;AVILA,30,4368,
MA,1,"100,00",5039287,1118852,3920435,35605,103185,SORAYA THRONICKE,44,8709,
MA,1,"100,00",5039287,1118852,3920435,35605,103185,SOFIA MANZANO,21,727,
PA,1,"100,00",6079280,1289969,4789311,40902,68473,CIRO GOMES,12,116057,
PA,1,"100,00",6079280,1289969,4789311,40902,68473,LULA,13,2443730,
PA,1,"100,00",6079280,1289969,4789311,40902,68473,PADRE KELMON,14,2783,
PA,1,"100,00",6079280,1289969,4789311,40902,68473,SIMONE TEBET,15,204075,
PA,1,"100,00",6079280,1289969,4789311,40902,68473,VERA,16,918,
PA,1,"100,00",6079280,1289969,4789311,40902,68473,LÉO PÉRICLES,80,1004,
PA,1,"100,00",6079280,1289969,4789311,40902,68473,JAIR BOLSONARO,22,1884673,
PA,1,"100,00",6079280,1289969,4789311,40902,68473,CONSTITUINTE EYMAEL,27,349,
PA,1,"100,00",6079280,1289969,4789311,40902,68473,FELIPE D&apos;AVILA,30,6130,
PA,1,"100,00",6079280,1289969,4789311,40902,68473,SORAYA THRONICKE,44,19297,
PA,1,"100,00",6079280,1289969,4789311,40902,68473,SOFIA MANZANO,21,920,
RR,1,"100,00",366632,61228,305404,2255,4780,CIRO GOMES,12,6709,
RR,1,"100,00",366632,61228,305404,2255,4780,LULA,13,68760,
RR,1,"100,00",366632,61228,305404,2255,4780,PADRE KELMON,14,190,
RR,1,"100,00",366632,61228,305404,2255,4780,SIMONE TEBET,15,12956,
RR,1,"100,00",366632,61228,305404,2255,4780,VERA,16,75,
RR,1,"100,00",366632,61228,305404,2255,4780,LÉO PÉRICLES,80,59,
RR,1,"100,00",366632,61228,305404,2255,4780,JAIR BOLSONARO,22,207587,
RR,1,"100,00",366632,61228,305404,2255,4780,CONSTITUINTE EYMAEL,27,37,
RR,1,"100,00",366632,61228,305404,2255,4780,FELIPE D&apos;AVILA,30,794,
RR,1,"100,00",366632,61228,305404,2255,4780,SORAYA THRONICKE,44,1138,
RR,1,"100,00",366632,61228,305404,2255,4780,SOFIA MANZANO,21,64,
