,fala_id,candidato,tema,Num. sílabas,Num. pausas,Duração,Tempo de fala,Ritmo de fala,Ritmo de articulação,intensity mean,intensity quant,pitch mean,pitch var fala,pitch var sil,debate,ordem,tipo,tempo medio pausa,tema geral
0,covas_9_imposto.wav,Covas,imposto,219,6,59.29746031746032,57.025460317460315,3.6932441765219206,3.8403898676280486,69.70046454594795,72.24833058561019,121.6621810493433,59.48378046527015,8.929487575421993,CULTURA 1T,,,0.3786666666666676,economia
1,covas_10_corrupcao.wav,Covas,corrupcao,123,1,28.884036281179142,28.468036281179142,4.258407613209753,4.320635212949973,69.7312344837365,72.42936315099138,124.02136487873683,50.715439240479185,7.552412196447221,CULTURA 1T,,,0.41600000000000037,corrupção
2,boulos_8_democracia.wav,Boulos,democracia,149,5,29.758866213151933,27.63943310657596,5.006911181789227,5.39084862650638,69.58441715119183,72.47281040814873,121.51733335829823,45.4046416577002,9.389887538191664,CULTURA 1T,,,0.4238866213151944,polarização/radicalismo
3,boulos_9_servico-publico.wav,Boulos,servico publico,123,6,29.04759637188209,25.843798185941054,4.234429535073798,4.7593623474010744,69.60741163467522,72.52527523658766,123.9853628635216,50.40295604083102,16.27717552010735,CULTURA 1T,,,0.533966364323506,terceirização/serv. público
4,boulos_3_covid.wav,Boulos,covid,113,10,28.22321995464853,22.823609977324253,4.003795462799001,4.951013451082801,70.02902728783866,72.76654651954097,132.09989522969747,43.624595822145956,11.669913101117174,CULTURA 1T,,,0.5399609977324278,covid/saúde
5,boulos_2_cultura.wav,Boulos,cultura,145,3,30.960158730158728,29.71215873015873,4.68343852057688,4.880157019786672,70.05932739915119,72.37365087715136,136.18790283699,54.64270650631425,11.635966615007364,CULTURA 1T,,,0.4159999999999992,cultura
6,boulos_6_fake-news.wav,Boulos,fake news,143,5,31.806507936507934,28.8,4.495935243361396,4.965277777777779,70.00312798342564,72.56302034354265,144.3793481445267,40.89319561989351,13.634932221149876,CULTURA 1T,,,0.6013015873015867,fake news
7,covas_8_seg-publica.wav,Covas,seg publica,140,2,30.89,29.829000000000004,4.532211071544189,4.69341915585504,70.11709700174919,72.11432244990219,115.47568613859293,31.760888371011557,8.648924380399986,CULTURA 1T,,,0.5304999999999982,segurança
8,boulos_1_cultura.wav,Boulos,cultura,250,7,54.270090702947854,50.89600000000002,4.6065889472784765,4.911977365608298,70.07853724854475,72.70720886781524,129.13541373789974,37.806997963271776,15.344373967672205,CULTURA 1T,,,0.48201295756397605,cultura
9,covas_5_saneamento-basico.wav,Covas,saneamento basico,101,1,27.542063492063487,27.23806349206349,3.6671181165893434,3.7080462797742193,69.97543615769905,72.3121410225308,113.84585029409996,27.86693424038353,11.467498274874199,CULTURA 1T,,,0.3039999999999985,infraestrutura
10,covas_13_consideracoes-finais.wav,Covas,consideracoes finais,154,8,44.354444444444454,40.368,3.4720308624965552,3.814902893380896,69.67976607565579,72.59745900293954,117.80530596309528,43.70003247392447,7.553964208377581,CULTURA 1T,,,0.49830555555555645,considerações finais
11,boulos_5_fake-news.wav,Boulos,fake news,270,14,59.83292517006804,52.70846258503403,4.512565602175672,5.122517082800732,70.63749995447013,72.6511522655311,157.59577249424686,38.87078599246447,18.72205469249459,CULTURA 1T,,,0.5088901846452865,fake news
12,boulos_10_educacao.wav,Boulos,educacao,139,5,30.547891156462587,28.81989115646259,4.5502322660526335,4.823057770946181,69.74489979907861,72.0638538401355,127.08090968242529,33.412487457634576,11.14055579584343,CULTURA 1T,,,0.3455999999999996,educação
13,covas_1_geral.wav,Covas,geral,231,3,60.3538775510204,59.105877551020406,3.827425997687111,3.9082407633758582,69.9281849877339,72.64166575229223,120.32582342353136,35.022335691987244,10.689592961566337,CULTURA 1T,,,0.4159999999999992,geral
14,boulos_13_consideracoes-finais.wav,Boulos,consideracoes finais,192,18,45.0414739229025,37.79347392290251,4.2627379452245835,5.080242170689941,69.82202746283015,72.49720431170114,122.10653521698704,38.35418198404695,11.4166299700809,CULTURA 1T,,,0.4026666666666661,considerações finais
15,boulos_0_inclusao.wav,Boulos,inclusao,200,9,46.312879818594105,41.988439909297064,4.318453112468775,4.763215790632795,69.44441226697916,72.27711214433418,137.800915314224,60.042439445517466,10.808353058128569,CULTURA 1T,,,0.4804933232552268,racismo/minorias
16,covas_2_ferias.wav,Covas,ferias,110,2,29.37716553287982,28.12858276643991,3.7444048125366165,3.9106129488770582,69.7849332402465,72.33833287268841,114.1448808088272,36.024865415239866,11.073896448281834,CULTURA 1T,,,0.6242913832199548,ferias
17,boulos_7_fake-news.wav,Boulos,fake news,129,4,28.851179138322,26.128,4.47122106800321,4.937232088181262,69.85211462677465,72.28630976398253,132.4941682196233,44.022636316633815,11.266921979366293,CULTURA 1T,,,0.6807947845804998,fake news
18,covas_3_saude.wav,Covas,saude,114,1,26.4050566893424,26.1010566893424,4.317354866577984,4.367639262917219,70.11121545027899,72.33709982804345,123.05919821900656,42.86887747493568,12.296166038080855,CULTURA 1T,,,0.3039999999999985,covid/saúde
19,boulos_11_transporte-publico.wav,Boulos,transporte publico,255,6,58.83367346938776,56.33683673469388,4.334252562568292,4.526345722974601,70.56803123835567,72.74526441200797,128.00999497729032,25.52521592950384,11.493072058497097,CULTURA 1T,,,0.4161394557823132,infraestrutura
20,covas_12_reforma-tributaria.wav,Covas,reforma tributaria,122,2,30.083492063492063,29.04174603174603,4.055380264449205,4.200849352054787,69.46899135113141,72.30347950758545,115.45262045978592,33.21677207936768,9.368344807584704,CULTURA 1T,,,0.5208730158730166,economia
21,covas_0_covid.wav,Covas,covid,179,4,43.978185941043094,41.824,4.070199717650165,4.279839326702372,69.6035875408298,72.44040372239809,120.80426088597773,35.00386019416881,8.341866162611264,CULTURA 1T,,,0.538546485260774,covid/saúde
22,covas_4_saude.wav,Covas,saude,130,1,30.20269841269841,29.36534920634921,4.304251170661719,4.42698634661195,70.05776948732516,72.00475324590728,117.8375817767634,33.568588829004675,8.46049336814975,CULTURA 1T,,,0.8373492063491987,covid/saúde
23,boulos_4_saude.wav,Boulos,saude,140,6,30.651678004535146,27.792,4.5674497813557196,5.0374208405296494,70.08662629005056,72.44206948516499,133.90322031016578,32.271931893350356,13.597391550481351,CULTURA 1T,,,0.4766130007558574,covid/saúde
24,covas_7_ambiental.wav,Covas,ambiental,233,0,56.7941723356009,56.7941723356009,4.102533594876355,4.102533594876355,69.97457065218819,72.52452867285061,116.32724962027149,36.983512030708255,7.835997716889273,CULTURA 1T,,,,meio ambiente
25,boulos_12_transporte-publico.wav,Boulos,transporte publico,150,3,31.404761904761905,30.07038095238095,4.776345716451856,4.9882972961845065,70.2990595928474,72.5900806808393,127.99928467412334,23.17595927294013,13.132874982145061,CULTURA 1T,,,0.44479365079365135,infraestrutura
26,covas_11_reforma-tributaria.wav,Covas,reforma tributaria,113,2,29.264739229024944,28.112369614512467,3.861302132770277,4.0195828935624816,69.1850040946821,72.32652315816404,126.82595772890093,70.19815865018748,9.162765289751476,CULTURA 1T,,,0.5761848072562383,economia
27,covas_6_covid.wav,Covas,covid,120,0,30.264444444444447,29.92422222222222,3.965048828842059,4.010129289538761,70.03752588925957,72.52488521942055,115.17153723686226,38.33396578356078,8.875116772573111,CULTURA 1T,,,inf,covid/saúde
28,107_covas_racismo_p,Covas,racismo,114,12,35.51533333333333,26.65599999999999,3.209881178082706,4.276710684273711,70.22154351038824,72.80819379881012,116.8528092087702,25.287973844556962,17.5306775321205,BAND 1T,107.0,pergunta,0.7382777777777783,racismo/minorias
29,124_covas_aliancas_r,Covas,aliancas,120,13,34.83266666666667,25.136000000000006,3.4450420103734043,4.774029280712921,69.86648490231615,72.80118581384542,122.79470654929337,42.70233440041679,8.626427668113188,BAND 1T,124.0,resposta,0.7458974358974355,alianças
30,61_boulos_moradia_r,Boulos,moradia,161,8,31.41933333333333,27.509666666666664,5.12423348681279,5.852488216263375,68.08813254677939,70.7270976095231,141.82085567223208,41.18938154428179,15.580060813104556,BAND 1T,61.0,resposta,0.4887083333333333,moradia
31,101_boulos_etica_p,Boulos,etica,142,15,38.246,28.88300000000001,3.712806568007112,4.916386801925007,70.26343006654325,73.03004284937197,154.75661320574378,37.967579442086475,17.186826431271783,BAND 1T,101.0,pergunta,0.6241999999999995,etica
32,21_covas_educacao_r,Covas,educacao,187,13,44.39,36.20799999999999,4.212660509123676,5.164604507291208,63.70998364025328,66.2250287809986,125.77315472975737,51.6499903003438,11.93033856810322,BAND 1T,21.0,resposta,0.6293846153846161,educação
33,135_boulos_consideracoes_r,Boulos,consideracoes,157,23,45.75533333333333,30.01600000000001,3.431293983943584,5.230543710021321,72.58283061458712,74.50118167823277,141.11893839543794,31.830684888802065,11.539545304724074,BAND 1T,135.0,resposta,0.6843188405797097,considerações finais
34,40_boulos_feminicidio_p,Boulos,feminicidio,149,10,34.15,26.896,4.363103953147877,5.539857227840572,68.21638466618374,70.95765405436778,135.3261883231394,34.1620273980499,14.952215687253428,BAND 1T,40.0,pergunta,0.7253999999999998,racismo/minorias
35,15_covas_cultura_r,Covas,cultura,146,9,34.83266666666667,29.36000000000001,4.191467779287642,4.972752043596729,63.31313915273799,65.78695563930259,120.10537043151018,52.537742158800285,10.293718933060417,BAND 1T,15.0,resposta,0.6080740740740731,cultura
36,120_boulos_si-proprio-moradia_r,Boulos,si proprio moradia,152,12,36.198,29.136000000000006,4.199127023592464,5.2169137836353645,71.65977709723347,73.50787287610993,146.23827577833347,25.39844546951163,14.139700785103393,BAND 1T,120.0,resposta,0.5884999999999995,moradia
37,118_boulos_setor-privado_r,Boulos,setor privado,226,14,48.486000000000004,39.85600000000001,4.661139297941674,5.670413488558809,71.27123256871471,73.65952082166466,164.6394236562077,45.47507898796544,18.26052657523392,BAND 1T,118.0,resposta,0.6164285714285711,economia
38,103_boulos_etica_p,Boulos,etica,157,10,33.467333333333336,27.744000000000003,4.691141610724887,5.658881199538637,70.82395204258587,72.97746873041511,145.2265730559074,29.18034148048091,13.923346918435689,BAND 1T,103.0,pergunta,0.5723333333333332,etica
39,141_covas_consideracoes_r,Covas,consideracoes,160,16,47.12066666666666,37.42433333333333,3.3955376975424802,4.275293258396943,71.480225036481,74.58668341392661,115.11895834802431,40.669401267175715,8.001155104094963,BAND 1T,141.0,resposta,0.606020833333333,considerações finais
40,58_covas_educacao_r,Covas,educacao,143,5,34.15,30.35200000000001,4.1874084919472905,4.711386399578281,66.89873259600432,69.22839097023454,123.78280779705366,43.58639465782111,8.809370369787374,BAND 1T,58.0,resposta,0.7595999999999975,educação
41,13_covas_transporte_r,Covas,transporte,201,9,49.16866666666667,42.70399999999999,4.087969302943609,4.706819033345822,63.45212138553659,65.83411249411911,110.40581919141096,16.920473789926,8.492553946611988,BAND 1T,13.0,resposta,0.718296296296297,infraestrutura
42,36_covas_saude_p,Covas,saude,135,6,33.467333333333336,30.40000000000001,4.033784187565985,4.440789473684209,66.0481456286796,68.82645056928315,109.81028817279478,22.91676441491124,7.035265826825065,BAND 1T,36.0,pergunta,0.5112222222222211,covid/saúde
43,3_covas_cracolandia_r,Covas,cracolandia,219,9,49.16866666666667,43.104000000000006,4.45405610619229,5.080734966592427,64.18275155137724,66.29833124991276,117.07244509624356,43.137259107071046,11.486472817218662,BAND 1T,3.0,resposta,0.6738518518518511,cracolandia
44,66_covas_urbanizacao_c,Covas,urbanizacao,149,6,36.88066666666667,30.928000000000008,4.04005712116556,4.817640972581478,66.9105013059409,69.24483168902643,123.87324845693031,25.306363368933926,15.036249655686973,BAND 1T,66.0,resposta,0.9921111111111104,infraestrutura
45,122_covas_transporte_r,Covas,transporte,172,19,50.534,40.112,3.4036490283769343,4.287993617869963,68.81996414154906,72.58359514715295,118.21780633502644,42.79620373409356,15.411276258516647,BAND 1T,122.0,resposta,0.5485263157894735,infraestrutura
46,38_covas_saude-educacao_p,Covas,saude educacao,135,5,32.784666666666666,28.527999999999995,4.117778636354394,4.7321929332585535,66.97342742617853,69.61365779055285,119.87506086740721,25.853166653929936,15.053414954368765,BAND 1T,38.0,pergunta,0.8513333333333343,covid/saúde
47,56_covas_educacao_r,Covas,educacao,181,6,45.07266666666667,38.88,4.015737549734503,4.655349794238684,66.55653577463491,69.22686874071239,120.65931095616452,26.183990219781872,11.631579114390723,BAND 1T,56.0,resposta,1.0321111111111112,educação
48,59_boulos_moradia_r,Boulos,moradia,240,14,47.80333333333334,40.325666666666656,5.020570392580712,5.951544508460287,67.933896021643,70.6742421234094,132.23898697651177,43.87924580728229,12.239596298402375,BAND 1T,59.0,resposta,0.5341190476190489,moradia
49,105_covas_racismo_p,Covas,racismo,101,8,28.006,22.704,3.6063700635578084,4.448555320648343,69.52479231404163,72.89677534459246,116.361854269791,16.479438395176686,10.325580900168006,BAND 1T,105.0,pergunta,0.66275,racismo/minorias
50,75_boulos_auxilio_c,Boulos,auxilio,188,8,36.88066666666667,31.68,5.097521736772653,5.934343434343434,68.65288320749605,70.99504930541842,153.10681567807794,38.45517476241977,18.288649484836892,BAND 1T,75.0,resposta,0.6500833333333338,renda básica
51,9_boulos_emprego_r,Boulos,emprego,247,14,50.534,42.70400000000001,4.887798314006412,5.784001498688648,65.06211615337375,67.22107970404298,148.1331305935456,31.932319988755204,14.777903253624835,BAND 1T,9.0,resposta,0.5592857142857136,economia
52,130_covas_obras_r,Covas,obras,176,16,49.16866666666667,41.36033333333333,3.5795154095426627,4.255284854248435,71.29385753869016,74.24404825323424,112.44793266322769,19.839687201956057,10.192340873116699,BAND 1T,130.0,resposta,0.48802083333333357,obras
53,42_boulos_feminicidio_p,Boulos,feminicidio,169,9,35.51533333333333,30.08,4.758508062245416,5.618351063829786,68.62529273607245,70.91280369393107,137.2400350840869,22.61218637361443,13.493895233170765,BAND 1T,42.0,pergunta,0.6039259259259259,racismo/minorias
54,23_covas_educacao_r,Covas,educacao,136,8,33.467333333333336,28.54400000000001,4.063664070436843,4.764573991031389,63.62371706427781,65.74149322309003,120.89924127756781,27.166703059984695,11.236392136612618,BAND 1T,23.0,resposta,0.6154166666666656,educação
55,132_covas_aliancas-desigualdade_r,Covas,aliancas desigualdade,126,10,33.467333333333336,27.312000000000005,3.764865241728252,4.613356766256588,71.64748334687125,74.45901376110112,114.78525640300505,15.079715726789065,8.562204942218338,BAND 1T,132.0,resposta,0.6155333333333332,alianças
56,boulos_8_russomano.wav,Boulos,russomano,191,16,46.79414583333333,38.085072916666654,4.081707157991183,5.015088205763031,71.24242039935709,74.19431530019664,119.29908875614971,46.0147640553524,12.401766022670872,FOLHA 1T,,,0.5443170572916673,russomano
57,boulos_10_transporte.wav,Boulos,transporte,125,11,28.9045625,23.76,4.32457678610427,5.260942760942762,69.36480356738403,72.67512803737496,108.49187251212228,19.188889728952233,11.986780719402823,FOLHA 1T,,,0.4676874999999999,infraestrutura
58,boulos_0_moradia-movimentossociais.wav,Boulos,moradia movimentossociais,413,39,104.3953125,82.34165625000004,3.956116324667355,5.015687305901134,71.24859859098821,74.0670319678378,120.83808101903752,36.419499245892695,12.959441332586438,FOLHA 1T,,,0.5654783653846144,moradia
59,boulos_1_doria.wav,Boulos,doria,170,17,44.54104166666666,34.39052083333333,3.8167046310284993,4.943222605550828,71.75066273588764,74.81179015030011,140.41501877105208,46.53032996305721,16.021628416058054,FOLHA 1T,,,0.5970894607843132,alianças
60,boulos_9_moradia.wav,Boulos,moradia,101,6,24.29125,20.897625,4.157875778315237,4.833085099383304,71.27973350284725,73.52324022599379,111.8966087472605,22.866522485463978,10.326792930955662,FOLHA 1T,,,0.5656041666666667,moradia
61,boulos_3_saude.wav,Boulos,saude,246,30,64.5060625,49.68503125000001,3.813595040001085,4.951189398718552,72.47953163443792,75.05892204235775,115.08027632907965,43.8918193623454,10.205693019695302,FOLHA 1T,,,0.4940343749999997,covid/saúde
62,boulos_12_consideracoes-finais.wav,Boulos,consideracoes finais,216,26,56.63097916666667,42.33948958333333,3.8141667895994793,5.10162031062904,70.34251703302893,73.6727576605784,106.4262266012622,17.11916547393255,10.113729530281708,FOLHA 1T,,,0.5496726762820514,considerações finais
63,boulos_6_experiencia.wav,Boulos,experiencia,663,78,186.6316458333333,130.192,3.5524521955514197,5.092478800540738,71.4282133559572,74.51573590483056,115.78257627879476,30.35834951625424,11.876086726379011,FOLHA 1T,,,0.7235852029914523,experiencia
64,boulos_2_saude.wav,Boulos,saude,98,9,23.625,17.972500000000004,4.148148148148148,5.452775073028238,69.63958605772306,72.52888257262951,113.52115950420558,18.82554702503814,12.442502493513846,FOLHA 1T,,,0.6280555555555551,covid/saúde
65,boulos_4_equipe.wav,Boulos,equipe,289,23,66.96666666666667,56.37133333333333,4.315579890492782,5.126719254467401,71.3362697304038,74.55758613006351,116.47951980481785,26.930615920676107,10.985782910437988,FOLHA 1T,,,0.4606666666666668,equipe
66,boulos_7_experiencia.wav,Boulos,experiencia,311,23,73.51366666666667,62.17599999999999,4.23050589232841,5.001930005146682,70.29046704276105,73.6264012638323,111.5938736241898,26.09024367545107,11.781716004561483,FOLHA 1T,,,0.4929420289855077,experiencia
67,boulos_11_candidatura.wav,Boulos,candidatura,93,11,26.29829166666667,18.143999999999995,3.536351378971067,5.125661375661377,68.72252061010204,72.28605411060268,102.53053536067694,20.295779893223266,8.897638670205371,FOLHA 1T,,,0.7412992424242433,candidatura
68,boulos_5_orcamento.wav,Boulos,orcamento,850,87,209.54375,166.368,4.056432129328601,5.1091556068474695,71.1221069325678,74.44924104706062,125.00399856565019,41.416450647893186,12.67234534604624,FOLHA 1T,,,0.496272988505747,responsabilidade fiscal
69,covas_13_moradia.wav,Covas,moradia,208,17,62.7370625,54.83253125,3.3154245945130123,3.7933685580127214,72.05676451677634,74.97225415822409,119.15884040415756,21.425197918401267,11.240495672317936,FOLHA 1T,,,0.4649724264705881,moradia
70,covas_15_covid.wav,Covas,covid,107,14,36.2644375,27.824,2.9505490054822987,3.845600920069005,70.02667191321355,72.82239303020985,106.9350821802467,13.587552979082274,8.07590851185241,FOLHA 1T,,,0.6028883928571427,covid/saúde
71,covas_9_creches.wav,Covas,creches,548,54,158.54127083333333,132.5186354166666,3.4565132291394685,4.135267453343238,73.4829815475058,76.43592133418778,125.4545272000746,27.422816640623584,11.642705802223364,FOLHA 1T,,,0.4819006558641987,creches
72,covas_5_saude.wav,Covas,saude,214,26,65.24125,53.73262500000001,3.2801333512156807,3.982682774199101,72.74823564616156,75.78610164815129,112.96035697759237,18.151558191946453,8.927509410857715,FOLHA 1T,,,0.44263942307692233,covid/saúde
73,covas_11_infraestrutura.wav,Covas,infraestrutura,154,13,41.937625,34.9128125,3.672120202324285,4.410988086393784,72.47316582980217,75.09984443741246,116.43862852090832,24.14224423939148,11.392174152032446,FOLHA 1T,,,0.540370192307692,infraestrutura
74,covas_4_saude.wav,Covas,saude,447,45,132.29791666666668,110.60799999999996,3.3787380123773683,4.041299001880517,72.85051272387659,75.83044534123297,122.40545210292184,21.264597914602003,9.038368949395409,FOLHA 1T,,,0.4819981481481493,covid/saúde
75,covas_12_infraestrutura.wav,Covas,infraestrutura,150,11,40.327979166666665,35.05998958333333,3.7195020206711327,4.278381191285534,73.52447977427269,76.12171062224927,122.34745043341127,23.223285076801737,12.027458313811723,FOLHA 1T,,,0.4789081439393938,infraestrutura
76,covas_7_orcamento.wav,Covas,orcamento,67,5,21.52102083333333,18.272,3.11323521866702,3.666812609457093,71.17897221257526,73.10386839782402,104.42651104096262,15.1080496593434,6.7758716255788425,FOLHA 1T,,,0.6498041666666665,responsabilidade fiscal
77,covas_2_experiencia.wav,Covas,experiencia,79,9,21.2228125,16.52799999999999,3.7224095533992014,4.779767666989353,70.49932182226323,72.95352041424405,115.82580735460094,18.838714129384538,9.055219906503543,FOLHA 1T,,,0.5216458333333343,experiencia
78,covas_3_doria.wav,Covas,doria,307,28,87.8480625,74.89600000000003,3.4946701300327483,4.099017303994871,71.28840416554546,74.04975787780077,113.32937303839917,20.82017910120293,9.336571866539364,FOLHA 1T,,,0.4625736607142846,alianças
79,covas_14_transporte.wav,Covas,transporte,148,14,45.19297916666667,37.35999999999999,3.2748449588639086,3.961456102783728,72.29173996551127,75.24543518574184,118.16373977265566,22.93798232488691,11.266217989056445,FOLHA 1T,,,0.5594985119047625,infraestrutura
80,covas_16_consideracoes-finais.wav,Covas,consideracoes finais,202,24,62.72877083333334,49.48800000000002,3.2202129472088994,4.081797607500807,71.08062980831143,73.672234365737,106.15451188836452,16.142687931450315,7.665178731001239,FOLHA 1T,,,0.5516987847222218,considerações finais
81,covas_10_infraestrutura.wav,Covas,infraestrutura,129,11,38.73458333333333,32.16000000000001,3.3303572389014984,4.011194029850746,72.24029727376319,74.39847818188431,110.37874163921109,18.581675960264572,8.54525231787514,FOLHA 1T,,,0.5976893939393929,infraestrutura
82,covas_0_equipe.wav,Covas,equipe,155,12,46.75,41.110999999999976,3.3155080213903743,3.7702804602174615,70.1461136371886,73.11884182430738,110.99235819431308,16.50628185926733,8.042467860271248,FOLHA 1T,,,0.4699166666666687,equipe
83,covas_8_orcamento.wav,Covas,orcamento,324,36,104.82447916666666,84.72423958333331,3.0908810859422746,3.8241712359226208,72.04892155228067,75.02393632219945,121.24656397406096,24.606254653499683,9.885273948272683,FOLHA 1T,,,0.5583399884259264,responsabilidade fiscal
84,covas_6_saude.wav,Covas,saude,109,10,33.0328125,27.252406249999996,3.2997493023035807,3.999646820177577,72.77503679403793,75.58242176090265,120.8251943452062,20.103758503508985,9.512014543081143,FOLHA 1T,,,0.5780406250000002,covid/saúde
85,1_boulos_pandemia,Boulos,pandemia,397,29,93.6,80.47199999999998,4.241452991452992,4.933392981409684,71.10288623431984,74.6543211146047,141.25807538232442,38.941783625638095,16.484279705341198,CNN 2T,1.0,resposta,0.4526896551724143,covid/saúde
86,2_covas_pandemia,Covas,pandemia,539,37,144.46666666666667,127.98533333333336,3.7309644670050766,4.211420058548374,70.95566612896391,74.38972710836505,116.8356440279788,26.329105374986266,9.265080561106814,CNN 2T,2.0,resposta,0.4454414414414408,covid/saúde
87,3_boulos_pandemia,Boulos,pandemia,626,41,144.53333333333333,125.97066666666666,4.331180811808118,4.969410868138613,70.98735778994956,74.29021060745777,144.39593765325893,46.968989357453204,14.639504923837555,CNN 2T,3.0,resposta,0.45274796747967494,covid/saúde
88,4_covas_pandemia,Covas,pandemia,364,21,92.53333333333332,83.29866666666669,3.93371757925072,4.3698178442231965,70.53569896550074,73.7988198787013,121.51359683618836,39.655810448151016,11.96701145707215,CNN 2T,4.0,resposta,0.43974603174602983,covid/saúde
89,5_covas_padrinhos,Covas,padrinhos,302,10,77.5,72.63,3.8967741935483873,4.158061407132038,71.47124790174095,74.28686290381866,123.79367579544471,36.647406053293814,10.656378944613634,CNN 2T,5.0,resposta,0.48700000000000043,alianças
90,6_boulos_padrinhos,Boulos,padrinhos,622,40,144.4,127.072,4.307479224376731,4.894862754973559,69.89952680009617,73.83490509860816,135.10210922589837,57.36909725162253,14.889410198985448,CNN 2T,6.0,resposta,0.4332000000000001,alianças
91,7_covas_creches,Covas,creches,496,35,136.5,122.46600000000001,3.6336996336996337,4.050103702252054,70.78501891440679,74.02455063467822,113.57917861433573,32.86055169636318,9.496179776567141,CNN 2T,7.0,resposta,0.4009714285714283,creches
92,8_boulos_padrinhos,Boulos,padrinhos,361,41,96.8,75.84000000000003,3.729338842975207,4.760021097046412,69.36051235347796,73.45169366018625,123.02324732437708,40.33488741425544,11.873859124613615,CNN 2T,8.0,resposta,0.5112195121951211,alianças
93,9_boulos_economia,Boulos,economia,673,42,159.26666666666668,139.68,4.225617413143574,4.81815578465063,71.08964562655109,74.53346436848557,134.00684143672237,42.982878020249316,13.058831009146633,CNN 2T,9.0,resposta,0.4663492063492065,economia
94,10_covas_economia,Covas,economia,666,52,179.8,157.07200000000006,3.7041156840934373,4.2400937149842095,70.82611919615327,74.31528861275851,115.71514221813251,20.883568926954716,9.77566428529501,CNN 2T,10.0,resposta,0.43707692307692214,economia
95,11_boulos_economia,Boulos,economia,316,28,82.23333333333333,69.12466666666668,3.842723956222132,4.571450615795613,70.2200481471736,74.18014792665849,134.64372581462516,51.16281627153914,12.51919380158056,CNN 2T,11.0,resposta,0.46816666666666606,economia
96,12_covas_economia,Covas,economia,245,15,62.73333333333333,56.46133333333333,3.905419766206164,4.3392528219902715,70.8708039201765,74.08257108202116,123.32495507173799,30.02308405281867,14.006247879644851,CNN 2T,12.0,resposta,0.41813333333333325,economia
97,13_covas_privatizacoes_pergunta,Covas,privatizacoes,144,10,37.63333333333333,31.69666666666667,3.8263950398582818,4.543064465243454,69.82268524137075,72.82698286293247,107.94300915240756,14.143032886507616,7.31185966559543,CNN 2T,13.0,resposta,0.5936666666666663,economia
98,14_boulos_radicalismo_privatizacoes_resposta,Boulos,radicalismo,613,45,150.06666666666666,128.00133333333338,4.084851177254554,4.789012614451932,69.50413885585706,73.4132016507954,132.3429412029232,46.774178555995476,13.918514502709325,CNN 2T,14.0,resposta,0.4903407407407397,polarização/radicalismo
99,15_covas_privatizacoes_replica,Covas,privatizacoes,227,13,59.3,52.68999999999998,3.8279932546374367,4.308217878155249,70.22593108251951,73.20183381931281,108.78746130953091,25.407161266864147,7.801401367358714,CNN 2T,15.0,resposta,0.5084615384615395,economia
100,16_boulos_seguranca_treplica,Boulos,seguranca,265,14,59.26666666666666,53.71333333333335,4.471316085489313,4.933598113441726,68.57416344712259,72.4451112108316,118.76188520554942,24.11526433779603,10.958633461918025,CNN 2T,16.0,resposta,0.3966666666666647,seguranca
101,17_boulos_populacao-de-rua_pergunta,Boulos,populacao de rua,180,14,44.53333333333333,36.09866666666667,4.041916167664671,4.98633375193913,69.63469589504828,73.51249103394376,127.18832143248676,54.425794496743286,12.994694144540313,CNN 2T,17.0,resposta,0.6024761904761904,moradia
102,18_covas_populacao-de-rua_resposta,Covas,populacao de rua,553,41,151.7,135.266,3.645352669742914,4.088240947466473,71.01900804063254,74.30215982803347,114.28321230043116,26.04523924998929,9.083556206431023,CNN 2T,18.0,resposta,0.40082926829268284,moradia
103,19_boulos_populacao-de-rua_replica,Boulos,populacao de rua,260,12,60.96666666666667,54.944,4.264625478403499,4.732090856144438,68.91598550553653,73.31025414851295,121.99464941912869,47.473305326395995,12.082411860446602,CNN 2T,19.0,resposta,0.5018888888888888,moradia
104,20_covas_populacao-de-rua_treplica,Covas,populacao de rua,211,12,57.26666666666666,51.60133333333333,3.684516880093132,4.0890416268313485,71.25811586859244,74.51113436801569,118.315266062896,21.59770101276774,13.53314679220568,CNN 2T,20.0,resposta,0.47211111111111076,moradia
105,21_covas_saude_pergunta,Covas,saude,137,8,36.3,30.656,3.774104683195592,4.468945720250521,71.22501008942285,73.84191720701375,114.08080912153412,22.372680758161373,11.532171018425903,CNN 2T,21.0,resposta,0.7054999999999998,covid/saúde
106,22_boulos_saude_resposta,Boulos,saude,658,42,151.9,134.82799999999997,4.331797235023041,4.8802919274928085,70.2075667976259,74.08805220954349,131.71974498868116,37.931835547009676,12.552528874062649,CNN 2T,22.0,resposta,0.4064761904761912,covid/saúde
107,23_covas_saude_replica,Covas,saude,243,10,61.8,56.62400000000001,3.932038834951456,4.291466515964962,71.43563614054642,74.27402580874124,119.89528834826851,24.10688381832532,12.417050903355072,CNN 2T,23.0,resposta,0.5175999999999987,covid/saúde
108,24_boulos_experiencia_treplica,Boulos,experiencia,227,21,61.93333333333333,50.94400000000002,3.665231431646932,4.455873115577888,69.114009416022,73.04557482712455,110.18039052279215,19.448420123532085,8.628156709551515,CNN 2T,24.0,resposta,0.5233015873015864,experiencia
109,25_boulos_cracolandia_pergunta,Boulos,cracolandia,156,19,44.03333333333333,33.12066666666668,3.542770628311885,4.710050119764093,70.48955389206921,74.10122797403176,117.01861942783512,40.7864567951544,9.498099117611376,CNN 2T,25.0,resposta,0.5743508771929817,cracolandia
110,26_covas_cracolandia_resposta,Covas,cracolandia,589,29,151.76666666666668,139.65466666666663,3.880957610366791,4.217546137615644,71.30656583173406,74.08871907971137,113.44585945869088,22.98666622484133,8.399609367491138,CNN 2T,26.0,resposta,0.4176551724137949,cracolandia
111,27_boulos_cracolandia_replica,Boulos,cracolandia,276,11,62.16666666666666,56.16666666666667,4.439678284182307,4.913946587537092,70.107347738239,73.61977247190994,123.45618235201002,35.94694301477904,11.927770327592606,CNN 2T,27.0,resposta,0.5454545454545442,cracolandia
112,28_covas_cracolandia_treplica,Covas,cracolandia,237,10,60.33333333333334,55.55866666666667,3.9281767955801103,4.265761117377426,71.48902469049827,74.17618966914868,120.22196989938637,44.27197555685983,11.445934470131883,CNN 2T,28.0,resposta,0.47746666666666754,cracolandia
113,29_boulos_lixo_pergunta,Boulos,lixo,178,15,46.6,38.97999999999999,3.819742489270386,4.5664443304258615,70.94011698218173,74.54714710671033,132.85630103662805,60.29070093332543,13.258851258757137,CNN 2T,29.0,resposta,0.5080000000000008,lixo
114,30_covas_lixo_resposta,Covas,lixo,591,46,153.7,133.202,3.8451528952504885,4.436870317262503,71.09403372501535,74.21516325580046,118.5019067094396,37.57968147934608,8.998146963708763,CNN 2T,30.0,resposta,0.4456086956521737,lixo
115,31_boulos_lixo_replica,Boulos,lixo,280,13,64.36666666666666,58.54266666666665,4.350077679958571,4.782836449768831,70.86428495923842,74.4254033680751,137.66330557154114,44.20051458454853,15.659914261543484,CNN 2T,31.0,resposta,0.44800000000000095,lixo
116,32_covas_lixo_treplica,Covas,lixo,238,12,61.2,56.51199999999999,3.888888888888889,4.211494903737259,72.06674013217776,75.01350065324873,129.20404599349712,38.97255551620592,12.787368301573133,CNN 2T,32.0,resposta,0.39066666666666744,lixo
117,33_covas_reforma-tributaria_pergunta,Covas,reforma tributaria,176,12,46.23333333333333,39.86066666666667,3.806777217015141,4.41538024117342,71.42715737738482,74.50234013516321,122.7862246925373,24.84203907092781,14.926026912368526,CNN 2T,33.0,resposta,0.5310555555555551,economia
118,34_boulos_reforma-tributaria_resposta,Boulos,reforma tributaria,652,39,153.53333333333333,137.83733333333328,4.246634824142423,4.730213391630715,72.01732697045908,75.08264149172277,154.5506155932514,53.96777971639551,19.327526219640927,CNN 2T,34.0,resposta,0.40246153846153987,economia
119,35_covas_reforma-tributaria_replica,Covas,reforma tributaria,234,18,61.96666666666667,53.52733333333335,3.776223776223776,4.371598311143215,71.29792143699059,74.89920251979629,123.628905785036,26.285228602160288,12.615124223387086,CNN 2T,35.0,resposta,0.4688518518518509,economia
120,36_boulos_reforma-tributaria_treplica,Boulos,reforma tributaria,264,17,63.63333333333333,55.601333333333336,4.1487689889994765,4.74808757583751,70.19458030872357,74.06241857476543,133.3769777712298,43.41579480964739,13.798499577051453,CNN 2T,36.0,resposta,0.4724705882352939,economia
121,37_boulos_contratos_pergunta,Boulos,contratos,175,12,44.9,37.874,3.897550111358575,4.620584041822887,71.30123267724595,74.41912122716774,136.4719853027288,48.685282373290825,11.434433269947078,CNN 2T,37.0,resposta,0.5854999999999997,corrupção
122,38_covas_contratos_resposta,Covas,contratos,571,35,154.63333333333333,139.744,3.6926061651217936,4.086043050148843,71.98455275535508,74.89345238301743,129.09484224510038,31.16259820814111,12.467269755158133,CNN 2T,38.0,resposta,0.4254095238095236,corrupção
123,39_boulos_contratos_replica,Boulos,contratos,264,14,62.16666666666666,56.13466666666666,4.246648793565683,4.702976176337855,69.66279485935992,73.69069974180368,128.24165422243962,38.27225502217801,12.053085904333914,CNN 2T,39.0,resposta,0.4308571428571426,corrupção
124,40_covas_contratos__treplica,Covas,contratos,246,10,63.73333333333333,59.94133333333333,3.859832635983264,4.104012812527805,72.5702601901741,75.11103794052592,132.10994315116383,41.908915784226544,15.468589069295252,CNN 2T,40.0,resposta,0.3791999999999994,corrupção
125,41_covas_moradia_pergunta,Covas,moradia,161,9,40.6,37.33600000000001,3.96551724137931,4.3121919862866935,71.06558460775089,74.68153518874614,119.8882142201668,45.52327415648567,16.104459899438073,CNN 2T,41.0,resposta,0.3626666666666654,moradia
126,42_boulos_moradia_resposta,Boulos,moradia,627,50,151.16666666666666,128.72733333333332,4.14773980154355,4.870760418662703,70.79379298667318,74.36209596178655,136.2727481828839,45.95837190729313,13.463363511024838,CNN 2T,42.0,resposta,0.4487866666666667,moradia
127,43_covas_moradia_replica,Covas,moradia,253,12,64.96666666666667,59.33133333333334,3.894304771677784,4.2641886805173215,71.52463781490395,74.36193456488166,120.09186034352268,30.29646735573281,13.057733248213825,CNN 2T,43.0,resposta,0.4696111111111107,moradia
128,44_boulos_moradia_treplica,Boulos,moradia,215,21,59.96666666666667,47.102666666666686,3.58532518065592,4.564497409913097,69.14863187525586,72.59450307013287,124.31862876656186,43.59038812729796,13.185819338312909,CNN 2T,44.0,resposta,0.6125714285714278,moradia
129,45_covas_desemprego,Covas,desemprego,925,50,242.0,222.12799999999996,3.822314049586777,4.164265648635023,72.39820165635273,75.08193750265778,119.61648833044256,24.319541304375434,11.265721678522718,CNN 2T,45.0,resposta,0.39744000000000085,economia
130,46_boulos_desemprego,Boulos,desemprego,1019,64,240.33333333333331,212.56666666666663,4.239944521497919,4.7937901834718515,71.94420160096949,75.04329987271281,143.09391223014762,44.39101360863389,15.4730715489104,CNN 2T,46.0,resposta,0.4338541666666669,economia
131,47_boulos_consideracoes-finais,Boulos,consideracoes finais,250,27,63.4,50.05199999999999,3.943217665615142,4.994805402381526,70.95868982614938,74.5229480065482,128.39611090516183,32.98403286935562,12.598243743288036,CNN 2T,47.0,resposta,0.49437037037037057,considerações finais
132,48_covas_consideracoes-finais,Covas,consideracoes finais,220,17,65.06666666666666,56.789333333333346,3.3811475409836067,3.87396694214876,70.55839274681438,74.30287665376268,113.94197673703847,33.76957039587183,7.617424249443752,CNN 2T,48.0,resposta,0.48690196078431275,considerações finais
133,covas_0_apresentacao.wav,Covas,apresentacao,387,39,115.7238095238095,94.91790476190474,3.3441692041807256,4.077207571856583,72.59831873451006,76.48266776811452,118.03018558137806,24.016207107490448,9.367119029836763,BAND 2T,,,0.5334847374847377,apresentacao
134,boulos_10_vice.wav,Boulos,vice,679,55,171.26188208616782,143.13599999999985,3.9646884159451874,4.743740219092336,76.03726771352328,79.68250014029469,147.0221832961822,51.90484695539645,16.439140302532742,BAND 2T,,,0.5113796742939629,ricardo nunes
135,boulos_6_psdb.wav,Boulos,psdb,256,18,60.08353741496599,50.241768707482976,4.26073448758418,5.0953620182139705,72.52339712359753,76.69319577249564,146.56761758420726,47.22965604441125,20.19954104131855,BAND 2T,,,0.5467649281935008,alianças
136,boulos_5_renda-basica.wav,Boulos,renda basica,530,36,121.33886621315192,103.90943310657595,4.367932687527891,5.100595625965922,73.08243868211024,76.97054011512903,137.7735016256707,44.429877523184516,15.139806200174627,BAND 2T,,,0.4841509196271103,renda básica
137,boulos_3_orcamento.wav,Boulos,orcamento,264,15,60.312607709750566,52.8,4.377194255477696,5.0,72.55910920263709,76.54903969280352,139.08901439018706,39.656664849988594,14.822657569991625,BAND 2T,,,0.5008405139833713,responsabilidade fiscal
138,covas_6_economia.wav,Covas,economia,243,14,61.95818594104309,55.48800000000002,3.921999915091592,4.37932525951557,73.80768264090298,77.06346713846746,119.77487764147686,21.150719541000637,10.587812046643416,BAND 2T,,,0.4621561386459336,economia
139,covas_12_consideracoes-finais.wav,Covas,consideracoes finais,454,42,125.8061224489796,106.99906122448981,3.6087273907048414,4.243027880847324,75.20621450033913,78.66966777866863,118.70905998280213,21.45476564179453,11.020264863123158,BAND 2T,,,0.44778717201166157,considerações finais
140,boulos_8_covid_economia.wav,Boulos,covid,957,87,232.80621315192747,190.39999999999992,4.1107150322292725,5.026260504201684,75.69589454339544,79.28735184506493,141.0464825027119,35.600909689469056,14.133933518246408,BAND 2T,,,0.48742773737847755,covid/saúde
141,boulos_8_covid_economia.wav,Boulos,economia,957,87,232.80621315192747,190.39999999999992,4.1107150322292725,5.026260504201684,75.69589454339544,79.28735184506493,141.0464825027119,35.600909689469056,14.133933518246408,BAND 2T,,,0.48742773737847755,economia
142,covas_5_covid.wav,Covas,covid,243,12,60.60448979591837,55.64448979591837,4.0096039223873765,4.367009220341966,72.93200847086747,76.67740069269061,122.17095327693872,34.718521470115704,10.476860437481763,BAND 2T,,,0.4133333333333334,covid/saúde
143,boulos_11_terceirizacao.wav,Boulos,terceirizacao,235,16,54.96417233560091,45.84208616780047,4.275512393148289,5.126293754167416,75.35834075953538,79.00529311125254,153.38086593134796,36.155038581738026,16.86908256362634,BAND 2T,,,0.5701303854875275,terceirização/serv. público
144,covas_10_terceirizacao.wav,Covas,terceirizacao,290,33,83.78614512471655,67.48800000000003,3.4611927732005334,4.297060218112849,75.81063719645356,79.46145026408709,131.77279314968143,29.196966988182716,11.566393536946574,BAND 2T,,,0.4938831855974705,terceirização/serv. público
145,boulos_4_covid.wav,Boulos,covid,276,22,65.12498866213151,54.45049433106576,4.23800457658255,5.0688245054652,72.67320228963402,75.85642831963047,134.79972403514472,49.04560950903491,16.964294812418593,BAND 2T,,,0.485204287775716,covid/saúde
146,boulos_9_seg-publica_vice.wav,Boulos,seg publica,1413,122,345.866462585034,287.6532312925173,4.085391770682602,4.9121645310603395,76.05158486710569,79.80381973223203,148.3115214664887,49.3300138729179,18.764336480956327,BAND 2T,,,0.47715763354521884,segurança
147,boulos_9_seg-publica_vice.wav,Boulos,vice,1413,122,345.866462585034,287.6532312925173,4.085391770682602,4.9121645310603395,76.05158486710569,79.80381973223203,148.3115214664887,49.3300138729179,18.764336480956327,BAND 2T,,,0.47715763354521884,ricardo nunes
148,covas_2_covid.wav,Covas,covid,210,16,54.81428571428572,47.51114285714285,3.831118060985145,4.420015755702423,72.47276845188638,76.01789708043387,118.73890430328713,27.222416583008467,9.592646108143855,BAND 2T,,,0.45644642857142914,covid/saúde
149,covas_11_terceirizacao.wav,Covas,terceirizacao,298,24,78.66083900226758,68.3224195011338,3.788416240912577,4.361672232568619,75.07895840566354,78.51875506691229,119.69830647334776,35.338665385961036,7.988128521317312,BAND 2T,,,0.43076747921390773,terceirização/serv. público
150,covas_4_covid.wav,Covas,covid,455,34,121.06260770975055,107.35060770975058,3.7583859178952217,4.238448293000885,72.23065026235366,75.86734327857341,115.62502556923546,26.11238490597641,10.281704041084009,BAND 2T,,,0.4032941176470581,covid/saúde
151,boulos_1_covid_educacao.wav,Boulos,covid,242,25,63.14575963718821,51.152,3.832403021049094,4.730997810447295,72.00975626897001,75.87622966891509,128.22424067446016,41.671042208747686,14.29812443308028,BAND 2T,,,0.47975038548752846,covid/saúde
152,boulos_1_covid_educacao.wav,Boulos,educacao,242,25,63.14575963718821,51.152,3.832403021049094,4.730997810447295,72.00975626897001,75.87622966891509,128.22424067446016,41.671042208747686,14.29812443308028,BAND 2T,,,0.47975038548752846,educação
153,covas_9_orcamento_terceirizacao.wav,Covas,orcamento,1025,77,279.56485260770967,246.65599999999995,3.6664122490329567,4.155585106382978,76.1525066786819,79.48910758910107,123.22848307753556,30.806078636746744,12.195097248827514,BAND 2T,,,0.42738769620402234,responsabilidade fiscal
154,covas_9_orcamento_terceirizacao.wav,Covas,terceirizacao,1025,77,279.56485260770967,246.65599999999995,3.6664122490329567,4.155585106382978,76.1525066786819,79.48910758910107,123.22848307753556,30.806078636746744,12.195097248827514,BAND 2T,,,0.42738769620402234,terceirização/serv. público
155,boulos_13_consideracoes-finais.wav,Boulos,consideracoes finais,454,60,124.53578231292515,94.68799999999999,3.645538587931453,4.794694153430212,74.18104260933717,78.25299286923328,126.69894767380958,42.135223328572025,11.156712429989678,BAND 2T,,,0.4974630385487527,considerações finais
156,covas_1_covid.wav,Covas,covid,463,45,121.26346938775512,101.07973469387758,3.8181325533372266,4.580542295665958,72.49238771696092,76.07964531252871,116.08269507684479,18.828820743871923,8.521299163271403,BAND 2T,,,0.4485274376417231,covid/saúde
157,boulos_7_covid.wav,Boulos,covid,334,39,94.00607709750568,69.76000000000002,3.5529617904762274,4.787844036697247,74.18960847971928,78.18140679281673,129.17079502155417,40.96719697420794,12.962390537156226,BAND 2T,,,0.6216942845514273,covid/saúde
158,boulos_12_creches.wav,Boulos,creches,28,1,7.749773242630385,6.5280000000000005,3.6130089388907582,4.28921568627451,72.91040176749432,75.49804447795387,111.83991573399342,10.676251416800033,8.160051971963611,BAND 2T,,,1.221773242630385,creches
159,covas_7_covid.wav,Covas,covid,698,59,190.83310657596368,163.3439999999999,3.657646267589065,4.273190322264671,75.55298193624128,79.31536299980328,122.81255203486036,31.961611027401208,10.691165042635236,BAND 2T,,,0.4659170606095555,covid/saúde
160,boulos_0_apresentacao.wav,Boulos,apresentacao,412,61,116.20757369614513,84.95178684807254,3.5453799343344086,4.849809701317045,72.94442505189113,77.1180274046576,121.30918931634224,30.4545500759752,10.518244678991037,BAND 2T,,,0.5123899483290588,apresentacao
161,boulos_2_orcamento.wav,Boulos,orcamento,486,37,120.71732426303856,102.62399999999997,4.02593416451995,4.735734331150611,73.40740472952535,77.2991568836582,137.546375689986,47.88295318750834,14.378038740666671,BAND 2T,,,0.489008763865908,responsabilidade fiscal
162,covas_8_seg-publica_terceirizacao.wav,Covas,seg publica,1045,85,274.90206349206346,237.6320000000001,3.8013537866010574,4.397555884729327,76.2061589621077,79.38030140270855,127.12661720557276,31.9474604020782,10.02652634098232,BAND 2T,,,0.43847133520074555,segurança
163,covas_8_seg-publica_terceirizacao.wav,Covas,terceirizacao,1045,85,274.90206349206346,237.6320000000001,3.8013537866010574,4.397555884729327,76.2061589621077,79.38030140270855,127.12661720557276,31.9474604020782,10.02652634098232,BAND 2T,,,0.43847133520074555,terceirização/serv. público
164,covas_3_orcamento.wav,Covas,orcamento,228,17,59.88140589569161,52.06870294784579,3.8075258352677435,4.378830028248915,72.16814676078448,76.15965397994583,119.61482038345378,27.045004248102174,8.349228468271916,BAND 2T,,,0.45957076163798904,responsabilidade fiscal
165,covas_11_covid.wav,Covas,covid,294,14,66.48537414965986,60.773374149659865,4.422025201184856,4.837644842229737,70.38491169046608,74.00418252689744,134.11050222474785,36.77269050178965,12.403502782667998,RODAVIVA 2T,,,0.40799999999999975,covid/saúde
166,boulos_18_moradia.wav,Boulos,moradia,485,29,112.73512471655329,96.07912471655328,4.302119691794564,5.047922755653918,70.09098493587524,74.32375489722106,166.37561393500255,109.69624943413878,36.18238746325951,RODAVIVA 2T,,,0.5743448275862071,moradia
167,covas_22_racismo.wav,Covas,racismo,102,2,20.78258503401361,20.09458503401361,4.90795537865298,5.0759943451107405,68.328268737177,71.62975034585497,115.32561861776121,49.35686900337408,9.464964794287512,RODAVIVA 2T,,,0.3440000000000012,racismo/minorias
168,covas_23_mobilidade.wav,Covas,mobilidade,319,14,76.51111111111109,71.53511111111109,4.169329073482428,4.459348633771139,70.06924676875343,74.32594607538806,120.6627045780667,27.65819419697967,12.635059374639184,RODAVIVA 2T,,,0.35542857142857137,infraestrutura
169,covas_19_geral.wav,Covas,geral,243,9,52.63149659863946,49.54349659863946,4.617007223888854,4.9047809840428815,70.59724569004123,74.34613186848782,133.25483529932512,59.80373823381542,11.438593070415767,RODAVIVA 2T,,,0.3431111111111112,geral
170,boulos_19_lula.wav,Boulos,lula,100,4,23.79780045351474,21.653800453514748,4.20206901874542,4.618126975662993,67.07559067348895,71.25773396696054,154.86248628406705,121.18861640516678,13.391833482024227,RODAVIVA 2T,,,0.5359999999999978,alianças
171,covas_8_covid.wav,Covas,covid,369,13,86.58081632653061,81.13840816326531,4.26191407815277,4.5477845616283785,71.13942146705668,74.66177486710652,138.62342851133127,45.8234308596422,19.72701830968548,RODAVIVA 2T,,,0.4186467817896383,covid/saúde
172,covas_3_racismo.wav,Covas,racismo,479,19,110.95575963718821,103.76587981859413,4.317035921039805,4.61616092724698,69.10304129856239,72.8217625023478,125.36559746039535,39.26707644794594,12.92313002855958,RODAVIVA 2T,,,0.3784147272944252,racismo/minorias
173,boulos_4_racismo.wav,Boulos,racismo,660,50,162.9937188208617,136.3368594104308,4.049235791259989,4.840950589987735,67.56483331112055,72.20834667188961,132.38311597240184,73.09634125947305,11.796567853844195,RODAVIVA 2T,,,0.5331371882086177,racismo/minorias
174,boulos_9_moradia.wav,Boulos,moradia,269,18,63.17489795918368,54.59889795918368,4.258020332281292,4.926839369561918,67.59062873625402,72.04404084862381,144.96183263167453,85.31823055292752,27.105244699611692,RODAVIVA 2T,,,0.47644444444444445,moradia
175,covas_0_equipe.wav,Covas,equipe,326,10,76.33344671201813,71.75999999999998,4.270736014710491,4.5429208472686735,68.4776200193234,72.27109887501096,107.67573439892081,38.73597326436714,8.086715239231875,RODAVIVA 2T,,,0.4573446712018153,equipe
176,covas_4_contratos.wav,Covas,contratos,324,15,73.89616780045353,68.4561678004535,4.384530478967701,4.732955559891182,70.34519952102212,74.40354489225291,126.98985267123156,42.742435061098405,12.685656828018553,RODAVIVA 2T,,,0.3626666666666684,corrupção
177,boulos_1_previdencia.wav,Boulos,previdencia,241,11,52.3255328798186,47.73353287981859,4.60578204819298,5.048861575085576,68.35683752444537,72.06858077478519,138.50428539865024,76.80863275452975,16.155574159419597,RODAVIVA 2T,,,0.41745454545454663,economia
178,covas_1_vice.wav,Covas,vice,166,6,40.23460317460317,37.78660317460317,4.125801844736032,4.393091361849922,68.18877729545386,71.9243726084806,103.08299546825023,12.141873703172779,7.571484939347164,RODAVIVA 2T,,,0.4080000000000001,ricardo nunes
179,boulos_12_terceirizacao.wav,Boulos,terceirizacao,730,51,172.78571428571428,149.56971428571433,4.224886316659776,4.880667209175272,68.6269693815233,73.5443897302545,156.4828543870342,98.83667285632154,20.899119072435575,RODAVIVA 2T,,,0.45521568627450887,terceirização/serv. público
180,covas_9_covid.wav,Covas,covid,267,14,56.74102040816327,51.63702040816327,4.705590383806122,5.170708880750797,70.86675132367125,74.51352397450107,145.76860985388282,48.367617925610475,15.21949374015351,RODAVIVA 2T,,,0.3645714285714285,covid/saúde
181,boulos_2_servico-publico.wav,Boulos,servico publico,238,10,52.23780045351474,48.04580045351474,4.55608769767768,4.953606720118435,68.55498760327211,73.29967890011726,151.6403169807246,58.93979798588645,19.113726172500318,RODAVIVA 2T,,,0.4192,terceirização/serv. público
182,boulos_14_participacao-popular.wav,Boulos,participacao popular,392,26,92.34814058956916,77.35007029478456,4.2448066360339585,5.067868697547016,68.57342220699731,72.6255769343491,171.2945831070177,100.74279180634231,21.76632194559608,RODAVIVA 2T,,,0.5768488574917152,participacao popular
183,covas_21_racismo.wav,Covas,racismo,292,11,72.04140589569161,67.8174058956916,4.053224619502641,4.305679289017903,69.59950399722945,73.60949388718966,115.1350587512222,19.937238589554465,9.128253431003632,RODAVIVA 2T,,,0.38400000000000034,racismo/minorias
184,covas_30_cosideracoes-finais.wav,Covas,cosideracoes finais,405,49,121.46462585034014,99.02831292517008,3.3343041001831386,4.089739469822483,66.67409470704574,71.43719752545597,118.78839077280537,25.60270287399549,8.545443615022744,RODAVIVA 2T,,,0.4578839372483685,cosideracoes finais
185,boulos_7_responsabilidade-fiscal.wav,Boulos,responsabilidade fiscal,194,7,42.20782312925171,39.3438231292517,4.5963043250517766,4.930888372557853,68.11940477144417,72.57186907153398,125.57545082480185,73.56352655055687,11.342569831542885,RODAVIVA 2T,,,0.40914285714285775,responsabilidade fiscal
186,boulos_13_terceirizacao.wav,Boulos,terceirizacao,421,34,98.66020408163266,82.64210204081631,4.267171388087333,5.094255707485166,67.58419002007577,72.3027598724087,166.21718590210253,97.38392103361356,19.74671641266535,RODAVIVA 2T,,,0.4711206482593043,terceirização/serv. público
187,covas_29_terceirizacao.wav,Covas,terceirizacao,116,5,26.42560090702948,24.036800453514736,4.389682581225347,4.825933477474873,70.53984780847563,74.52017983166921,159.83329848756742,68.24929350242408,25.26002921210066,RODAVIVA 2T,,,0.4777600907029488,terceirização/serv. público
188,boulos_10_aliancas.wav,Boulos,aliancas,55,2,10.386621315192745,9.522621315192742,5.295273441764,5.7757205899021695,69.2980032776223,73.62334862653232,166.82476188521161,55.10504608963053,27.467458890570196,RODAVIVA 2T,,,0.43200000000000127,alianças
189,covas_13_covid.wav,Covas,covid,208,6,44.84750566893424,42.15950566893424,4.637939098229071,4.933644185331788,70.42348262134793,74.11020227032282,154.5199206440372,75.36743394589911,21.405679222917765,RODAVIVA 2T,,,0.4480000000000004,covid/saúde
190,covas_14_transporte-publico.wav,Covas,transporte publico,264,7,56.719931972789105,54.1599319727891,4.654448459611194,4.8744522081866375,71.09597247251374,74.44275584960047,147.52560794419537,43.56868497797896,15.970312043366935,RODAVIVA 2T,,,0.36571428571428605,infraestrutura
191,boulos_20_consideracoes-finais.wav,Boulos,consideracoes finais,391,56,119.56276643990931,85.74938321995464,3.270248854575572,4.559799561438838,66.5577839121203,71.98771715292436,124.31321610442215,67.94231845460382,12.231131190726632,RODAVIVA 2T,,,0.6038104146420478,considerações finais
192,boulos_3_previdencia.wav,Boulos,previdencia,261,16,57.76446712018141,50.27646712018139,4.518348614849653,5.191295549388999,68.33173806441256,72.10169809011548,155.27917973453967,87.78795200076037,24.233244886322375,RODAVIVA 2T,,,0.4680000000000013,economia
193,boulos_8_participacao-popular.wav,Boulos,participacao popular,526,39,123.50868480725624,103.80799999999996,4.258809822328358,5.067046855733666,68.54070911916591,72.66112653586622,162.51410430876294,96.03919172251136,23.487446031484343,RODAVIVA 2T,,,0.5051457642886226,participacao popular
194,covas_6_contratos.wav,Covas,contratos,237,10,52.44342403628117,48.71542403628118,4.519155725530807,4.864988957573118,69.0230474090238,73.0877144195477,133.68078849239205,53.40709230520866,12.58884796432833,RODAVIVA 2T,,,0.37279999999999947,corrupção
195,covas_10_educacao.wav,Covas,educacao,445,21,107.44623582766441,99.38223582766442,4.141606232848829,4.47766138781241,70.44107632895886,74.50076699578598,133.48376207451756,54.341363911724684,13.342324428296704,RODAVIVA 2T,,,0.3839999999999997,educação
196,covas_26_vice.wav,Covas,vice,49,3,11.590158730158729,10.454158730158731,4.2277246706291605,4.687129903494014,69.59591706110068,73.87896955519857,118.72442966146015,22.550748516254657,10.73724099735141,RODAVIVA 2T,,,0.3786666666666658,ricardo nunes
197,covas_27_vice.wav,Covas,vice,355,15,83.11598639455781,77.4519863945578,4.271139830005606,4.583484769409918,69.92785246421627,73.54961570752859,133.63663589978992,44.27899407888008,17.725643842640494,RODAVIVA 2T,,,0.3776000000000001,ricardo nunes
198,covas_24_doria.wav,Covas,doria,322,15,73.6195918367347,68.62759183673471,4.373835713652088,4.69199036979236,70.74705623430158,74.31374489558151,119.11664915071044,65.26549185497271,11.926650113489512,RODAVIVA 2T,,,0.3327999999999994,alianças
199,covas_5_contratos.wav,Covas,contratos,159,4,35.645487528344674,34.06148752834468,4.46059265912876,4.6680286604537224,71.35729927150807,75.418469935889,146.74568933601216,30.889126381468174,19.96205979199357,RODAVIVA 2T,,,0.395999999999999,corrupção
200,covas_28_terceirizacao.wav,Covas,terceirizacao,291,13,67.86167800453515,62.86967800453514,4.2881344605206,4.628622401708634,69.33999500129323,73.19219066887281,153.27109860610787,79.19402595405157,21.318206362834424,RODAVIVA 2T,,,0.3840000000000009,terceirização/serv. público
201,boulos_11_aliancas.wav,Boulos,aliancas,306,13,66.0071201814059,58.91556009070293,4.635863512285145,5.193874072127981,68.14308468589397,72.55421984267215,140.68794955669637,83.6923561928913,16.757368006069832,RODAVIVA 2T,,,0.5455046223617663,alianças
202,boulos_16_covid.wav,Boulos,covid,512,42,125.66662131519274,105.7466213151928,4.074272027381233,4.841762258048051,68.20810843966561,73.08453341870867,168.95067163088382,101.88467307200716,21.66638592345232,RODAVIVA 2T,,,0.474285714285713,covid/saúde
203,boulos_15_servico-publico.wav,Boulos,servico publico,745,59,178.8468934240363,145.88689342403626,4.165574172058139,5.106695896488629,67.68612995239067,72.32292223348371,163.21629815931152,95.0975734472565,24.325266541243984,RODAVIVA 2T,,,0.5586440677966108,terceirização/serv. público
204,covas_17_creches.wav,Covas,creches,260,14,60.922925170068034,55.162925170068036,4.267687398039453,4.713310601249236,68.38064377452079,72.14840119644673,114.72853890899651,51.66996034404583,9.756572199002232,RODAVIVA 2T,,,0.4114285714285713,creches
205,boulos_17_protestos.wav,Boulos,protestos,335,28,78.58054421768708,66.37254421768705,4.2631417653709445,5.047267721141972,68.48380426560597,72.75746790318344,167.35404352606477,109.7720239886137,21.653950996719367,RODAVIVA 2T,,,0.43600000000000094,polarização/radicalismo
206,covas_7_covid.wav,Covas,covid,342,26,86.12596371882086,75.35796371882086,3.970927990037268,4.538339189685198,68.01799339206458,72.37408582183734,122.19604501779972,35.627332811071845,10.087216912400768,RODAVIVA 2T,,,0.4141538461538462,covid/saúde
207,boulos_5_radicalismo.wav,Boulos,radicalismo,599,70,168.91795918367347,126.56595918367347,3.546100147638389,4.732710152583182,67.62250858833468,72.15331489115019,131.50300712852712,73.26306934208434,13.02639263501066,RODAVIVA 2T,,,0.6050285714285715,polarização/radicalismo
208,boulos_6_protestos.wav,Boulos,protestos,594,49,153.12603174603174,124.19803174603172,3.879157535964772,4.782684489031599,67.91301116104253,72.58703950035661,130.98514419842314,68.68889128543152,14.976442969833712,RODAVIVA 2T,,,0.590367346938776,polarização/radicalismo
209,covas_12_covid.wav,Covas,covid,108,4,24.02124716553288,22.56524716553288,4.496019680233958,4.786120852465724,70.61417702350775,74.53398947460067,143.29166526680152,34.263165337935924,13.999901572779336,RODAVIVA 2T,,,0.3639999999999999,covid/saúde
210,covas_2_vice.wav,Covas,vice,580,25,137.43786848072563,127.5978684807256,4.220088731086073,4.545530477161633,69.84841616037374,73.72986360491774,124.65798560901901,34.78564663090106,12.377010972785227,RODAVIVA 2T,,,0.3936000000000013,ricardo nunes
211,covas_20_ciclovias.wav,Covas,ciclovias,416,20,96.83954648526077,89.23954648526077,4.2957656773342725,4.661610422557544,69.58591129345207,73.71590584397451,117.19898477007021,43.94616052290553,10.06634988102654,RODAVIVA 2T,,,0.3799999999999997,ciclovias
212,covas_18_reeleicao.wav,Covas,reeleicao,330,16,77.47435374149659,71.7943537414966,4.259474059003945,4.596461738317208,69.03687493488285,72.46637977625747,108.74934547737793,33.983328929748644,11.167414267700064,RODAVIVA 2T,,,0.35499999999999954,reeleicao
213,boulos_0_equipe.wav,Boulos,equipe,532,40,133.49380952380952,110.73890476190472,3.985203522902792,4.804093025335873,68.98077192880625,73.33333338409085,131.53412307748508,67.67934554822624,18.54490737355292,RODAVIVA 2T,,,0.5688726190476199,equipe
