"city","voto_obrig"
"1100015",13868
"1100023",53868
"1100031",3570
"1100049",48140
"1100056",10039
"1100064",10807
"1100072",4977
"1100080",7064
"1100098",16892
"1100106",22481
"1100114",29988
"1100122",71047
"1100130",16607
"1100148",11293
"1100155",22365
"1100189",20302
"1100205",265751
"1100254",13027
"1100262",1840
"1100288",30409
"1100296",5123
"1100304",46920
"1100320",12076
"1100338",11676
"1100346",9264
"1100379",6716
"1100403",9238
"1100452",17840
"1100502",5647
"1100601",3092
"1100700",6824
"1100809",10576
"1100908",1980
"1100924",4608
"1100940",8208
"1101005",5646
"1101104",4437
"1101203",5679
"1101302",6375
"1101401",7459
"1101435",3964
"1101450",2542
"1101468",1282
"1101476",1870
"1101484",3326
"1101492",8866
"1101500",6292
"1101559",2764
"1101609",5660
"1101708",7135
"1101757",4943
"1101807",4582
"1200013",5989
"1200054",2683
"1200104",9977
"1200138",3604
"1200179",3710
"1200203",34640
"1200252",7375
"1200302",9948
"1200328",1999
"1200336",5997
"1200344",2758
"1200351",3906
"1200385",7779
"1200393",2531
"1200401",190582
"1200427",4560
"1200435",1444
"1200450",9656
"1200500",15788
"1200609",11411
"1200708",7110
"1200807",6416
"1300029",4631
"1300060",3639
"1300086",4602
"1300102",7177
"1300144",9780
"1300201",4689
"1300300",13815
"1300409",10774
"1300508",11675
"1300607",13030
"1300631",5086
"1300680",6877
"1300706",12019
"1300805",14732
"1300839",4919
"1300904",5359
"1301001",9133
"1301100",15538
"1301159",10990
"1301209",33433
"1301308",10034
"1301407",10469
"1301506",5234
"1301605",8575
"1301654",4271
"1301704",20236
"1301803",6205
"1301852",19113
"1301902",43511
"1301951",2317
"1302009",4168
"1302108",2557
"1302207",3379
"1302306",5497
"1302405",13556
"1302504",38375
"1302553",10376
"1302603",1102331
"1302702",20249
"1302801",6378
"1302900",23614
"1303007",8779
"1303106",14339
"1303205",6593
"1303304",9178
"1303403",50528
"1303502",6174
"1303536",14348
"1303569",13321
"1303601",5261
"1303700",8923
"1303809",16732
"1303908",11669
"1303957",4847
"1304005",4030
"1304062",23702
"1304104",6472
"1304203",27540
"1304237",6670
"1304260",4677
"1304302",7842
"1304401",8340
"1400027",2764
"1400050",4909
"1400100",166546
"1400159",4648
"1400175",5984
"1400209",8667
"1400233",4005
"1400282",3520
"1400308",6941
"1400407",3334
"1400456",4623
"1400472",11473
"1400506",3434
"1400605",3689
"1400704",2444
"1500107",72455
"1500131",3346
"1500206",22958
"1500305",12177
"1500347",14183
"1500404",23007
"1500503",16454
"1500602",52360
"1500701",7907
"1500800",301074
"1500859",9138
"1500909",15976
"1500958",11378
"1501006",6810
"1501105",8519
"1501204",17659
"1501253",1795
"1501303",54665
"1501402",910254
"1501451",7817
"1501501",29866
"1501576",7165
"1501600",6233
"1501709",54864
"1501725",7636
"1501758",3312
"1501782",23121
"1501808",34009
"1501907",11608
"1501956",9078
"1502004",9784
"1502103",58892
"1502152",14619
"1502202",33633
"1502301",22205
"1502400",100467
"1502509",7355
"1502608",5721
"1502707",23430
"1502756",12598
"1502764",5001
"1502772",8631
"1502806",10729
"1502855",5441
"1502905",17863
"1502939",25282
"1502954",13758
"1503002",3771
"1503044",8430
"1503077",9534
"1503093",13547
"1503101",11249
"1503200",17966
"1503309",26601
"1503408",5010
"1503457",22240
"1503507",14175
"1503606",50158
"1503705",21477
"1503754",5841
"1503804",26094
"1503903",21807
"1504000",11218
"1504059",13489
"1504109",3966
"1504208",125686
"1504307",13568
"1504406",13762
"1504422",65744
"1504455",12947
"1504505",6989
"1504604",12625
"1504703",30504
"1504802",26630
"1504901",16265
"1504950",7880
"1504976",6586
"1505007",6661
"1505031",14017
"1505064",26797
"1505106",23461
"1505205",11462
"1505304",30076
"1505403",7386
"1505437",14254
"1505486",17590
"1505494",3313
"1505502",49841
"1505536",88313
"1505551",2674
"1505601",3752
"1505635",5761
"1505650",11086
"1505700",12333
"1505809",16681
"1505908",13145
"1506005",12425
"1506104",4578
"1506112",5330
"1506138",40846
"1506161",9391
"1506187",22886
"1506195",18388
"1506203",20118
"1506302",10699
"1506351",9328
"1506401",4357
"1506500",33930
"1506559",8036
"1506583",8491
"1506609",11512
"1506708",28170
"1506807",160529
"1506906",2807
"1507003",13905
"1507102",8663
"1507151",10699
"1507201",12017
"1507300",50456
"1507409",7799
"1507458",11884
"1507466",2742
"1507474",9199
"1507508",5558
"1507607",24643
"1507706",10243
"1507755",2392
"1507805",5288
"1507904",12273
"1507953",39296
"1507961",5290
"1507979",8609
"1508001",26652
"1508035",11755
"1508050",7873
"1508084",17993
"1508100",52418
"1508126",22154
"1508159",22327
"1508209",25832
"1508308",22597
"1508357",6527
"1508407",22139
"1600055",2199
"1600105",3854
"1600154",5012
"1600204",4311
"1600212",2098
"1600238",2658
"1600253",1828
"1600279",20079
"1600303",226247
"1600402",6248
"1600501",10483
"1600535",7996
"1600550",1657
"1600600",53300
"1600709",5178
"1600808",5600
"1700251",1284
"1700301",2576
"1700350",3041
"1700400",3301
"1700707",4910
"1701002",4610
"1701051",1602
"1701101",2169
"1701309",2748
"1701903",3078
"1702000",4967
"1702109",89115
"1702158",2361
"1702208",14067
"1702307",3379
"1702406",5043
"1702554",7555
"1702703",1740
"1702901",4093
"1703008",5386
"1703057",1589
"1703073",1796
"1703107",2875
"1703206",2158
"1703305",1811
"1703602",1045
"1703701",2590
"1703800",4473
"1703826",988
"1703842",3390
"1703867",2099
"1703883",1118
"1703891",1388
"1703909",2305
"1704105",1091
"1704600",723
"1705102",1556
"1705508",17082
"1705557",2443
"1705607",1748
"1706001",2479
"1706100",3948
"1706258",882
"1706506",2475
"1707009",9805
"1707108",3379
"1707207",3806
"1707306",2496
"1707405",4011
"1707553",1961
"1707652",2953
"1707702",3896
"1708205",10019
"1708254",1245
"1708304",2548
"1709005",4959
"1709302",13352
"1709500",47709
"1709807",827
"1710508",3375
"1710706",2596
"1710904",1727
"1711100",1225
"1711506",1976
"1711803",1169
"1711902",5301
"1711951",1439
"1712009",1536
"1712157",765
"1712405",1564
"1712454",1302
"1712504",2194
"1712702",886
"1712801",1363
"1713205",11219
"1713304",7002
"1713601",3191
"1713700",1139
"1713809",2847
"1713957",1334
"1714203",4439
"1714302",2135
"1714880",5355
"1715002",1977
"1715101",1885
"1715150",1250
"1715259",1049
"1715507",502
"1715705",2307
"1715754",4098
"1716109",27234
"1716208",4484
"1716307",2289
"1716505",6423
"1716604",5511
"1716653",2486
"1716703",4539
"1717008",2329
"1717206",1403
"1717503",3365
"1717800",2068
"1717909",3575
"1718006",1295
"1718204",28307
"1718303",2806
"1718402",1876
"1718451",1223
"1718501",1440
"1718550",1898
"1718659",813
"1718709",1312
"1718758",3034
"1718808",1605
"1718840",1838
"1718865",3045
"1718881",1430
"1718899",1122
"1718907",2103
"1719004",1234
"1720002",1154
"1720101",2079
"1720150",603
"1720200",4570
"1720259",1379
"1720309",1805
"1720499",2207
"1720655",2541
"1720804",3956
"1720853",910
"1720903",7444
"1720937",821
"1720978",1390
"1721000",145586
"1721109",2733
"1721208",11302
"1721257",848
"1721307",926
"1722081",5529
"1722107",5678
"2100055",51909
"2100105",1944
"2100154",4083
"2100204",10406
"2100303",8348
"2100402",4050
"2100436",9957
"2100477",11372
"2100501",4704
"2100550",2307
"2100600",14774
"2100709",11467
"2100808",5592
"2100832",6849
"2100873",5649
"2100907",15841
"2100956",9998
"2101004",13335
"2101103",5490
"2101202",48733
"2101251",7139
"2101301",6920
"2101350",2340
"2101400",43335
"2101509",8711
"2101608",34205
"2101707",21823
"2101731",1871
"2101772",4584
"2101806",2359
"2101905",9783
"2101939",2823
"2101970",3067
"2102002",14687
"2102036",11337
"2102077",5844
"2102101",12950
"2102150",1869
"2102200",10026
"2102309",8958
"2102325",24977
"2102358",5908
"2102374",2984
"2102408",4712
"2102507",7688
"2102556",6290
"2102606",8328
"2102705",8159
"2102754",4268
"2102804",11793
"2102903",9911
"2103000",69536
"2103109",5207
"2103125",3191
"2103158",4895
"2103174",7138
"2103208",31399
"2103257",6040
"2103307",47714
"2103406",18655
"2103505",15450
"2103554",4886
"2103604",24282
"2103703",16004
"2103752",5574
"2103802",10432
"2103901",3766
"2104008",7391
"2104057",19114
"2104073",3512
"2104081",2908
"2104099",8108
"2104107",5722
"2104206",5823
"2104305",5383
"2104404",6689
"2104503",4151
"2104552",7616
"2104602",5721
"2104628",2854
"2104651",4105
"2104677",10186
"2104701",2672
"2104800",26169
"2104909",6149
"2105005",10155
"2105104",10120
"2105153",4923
"2105203",4981
"2105302",143336
"2105351",4947
"2105401",26085
"2105427",11260
"2105450",3175
"2105476",5183
"2105500",9595
"2105609",5926
"2105658",1542
"2105708",18393
"2105807",3958
"2105906",5619
"2105922",4338
"2105948",3237
"2105963",3389
"2105989",3324
"2106003",4647
"2106102",5133
"2106201",3080
"2106300",7112
"2106326",7751
"2106359",2425
"2106375",6124
"2106409",6048
"2106508",10568
"2106607",10814
"2106631",5183
"2106672",2746
"2106706",7809
"2106755",12099
"2106805",6944
"2106904",12336
"2107001",4347
"2107100",6403
"2107209",4477
"2107258",2073
"2107308",1805
"2107357",7729
"2107407",7376
"2107456",5755
"2107506",65288
"2107605",8339
"2107704",8408
"2107803",12466
"2107902",6339
"2108009",7963
"2108058",5020
"2108108",7071
"2108207",19689
"2108256",8866
"2108306",14806
"2108405",6810
"2108454",7644
"2108504",14057
"2108603",39238
"2108702",8150
"2108801",6559
"2108900",7931
"2109007",11123
"2109056",3118
"2109106",21813
"2109205",4203
"2109239",2802
"2109270",6484
"2109304",3982
"2109403",5273
"2109452",13497
"2109502",9526
"2109551",3291
"2109601",19460
"2109700",2325
"2109759",2673
"2109809",17393
"2109908",39018
"2110005",26355
"2110039",10117
"2110104",10685
"2110203",15150
"2110237",4202
"2110278",5372
"2110302",6090
"2110401",6208
"2110500",20684
"2110609",10594
"2110658",2785
"2110708",13901
"2110807",2003
"2110856",4294
"2110906",4478
"2111003",9646
"2111029",4018
"2111052",5017
"2111078",5555
"2111102",11421
"2111201",97765
"2111250",2885
"2111300",656261
"2111409",7389
"2111508",15312
"2111532",4969
"2111573",2035
"2111607",8137
"2111631",1963
"2111672",2047
"2111706",9478
"2111722",4161
"2111748",3742
"2111763",7116
"2111789",3980
"2111805",7591
"2111904",4443
"2111953",1754
"2112001",3447
"2112100",9625
"2112209",80725
"2112233",8752
"2112274",1974
"2112308",15580
"2112407",13926
"2112456",8509
"2112506",19768
"2112605",9146
"2112704",18409
"2112803",23547
"2112852",4581
"2112902",13101
"2113009",12436
"2114007",21892
"2200053",2986
"2200103",2327
"2200202",7838
"2200251",2692
"2200277",2053
"2200301",5965
"2200400",18696
"2200459",2198
"2200509",7480
"2200608",3230
"2200707",3960
"2200806",1454
"2200905",2553
"2200954",1054
"2201002",1897
"2201051",2456
"2201101",5141
"2201150",4523
"2201176",1684
"2201200",18690
"2201309",1504
"2201408",2948
"2201507",9736
"2201556",1786
"2201572",1309
"2201606",4270
"2201705",2514
"2201739",2108
"2201770",2353
"2201804",2239
"2201903",11470
"2201919",2192
"2201929",2267
"2201945",2610
"2201960",3299
"2201988",1407
"2202000",8196
"2202026",3295
"2202059",4117
"2202075",1423
"2202083",2831
"2202091",2252
"2202109",2512
"2202117",1876
"2202133",2343
"2202174",2302
"2202208",23544
"2202251",1720
"2202307",8657
"2202406",4507
"2202455",1665
"2202505",3993
"2202539",1809
"2202554",1931
"2202604",8018
"2202653",1552
"2202703",9707
"2202711",1924
"2202729",2150
"2202737",1625
"2202752",2870
"2202778",2974
"2202802",1933
"2202851",2002
"2202901",12101
"2203008",3404
"2203107",4277
"2203206",5189
"2203230",1752
"2203255",1699
"2203271",1764
"2203305",6368
"2203354",3007
"2203404",3194
"2203420",1714
"2203453",4495
"2203503",6317
"2203602",2356
"2203701",16728
"2203750",1861
"2203800",1760
"2203859",872
"2203909",33171
"2204006",2138
"2204105",1995
"2204154",1197
"2204204",4149
"2204303",5186
"2204352",2212
"2204402",4399
"2204501",5243
"2204550",1552
"2204600",1605
"2204659",4001
"2204709",6793
"2204808",4607
"2204907",3090
"2205003",4533
"2205102",5048
"2205151",2277
"2205201",6640
"2205250",1926
"2205276",2107
"2205300",2044
"2205359",1368
"2205409",5288
"2205458",1828
"2205508",18055
"2205516",2015
"2205524",2634
"2205532",1785
"2205540",1179
"2205557",3250
"2205565",2040
"2205573",2383
"2205581",1771
"2205599",1967
"2205607",2410
"2205706",12149
"2205805",9554
"2205854",3010
"2205904",2403
"2205953",3058
"2206001",2129
"2206050",2178
"2206100",4002
"2206209",11325
"2206308",537
"2206357",2494
"2206407",4977
"2206506",3169
"2206605",4564
"2206654",1689
"2206670",2471
"2206696",2893
"2206704",3132
"2206720",3501
"2206753",2311
"2206803",2958
"2206902",2732
"2206951",1301
"2207009",16807
"2207108",1276
"2207207",2406
"2207306",1781
"2207355",1477
"2207405",2193
"2207504",5541
"2207553",1469
"2207603",4317
"2207702",79135
"2207751",1729
"2207777",2370
"2207793",1492
"2207801",8677
"2207850",1495
"2207900",15097
"2207934",1150
"2207959",1745
"2208007",41724
"2208106",4471
"2208205",7070
"2208304",12044
"2208403",29730
"2208502",4038
"2208551",1154
"2208601",1147
"2208650",3789
"2208700",3723
"2208809",7548
"2208858",1926
"2208874",1769
"2208908",3068
"2209005",2800
"2209104",2539
"2209153",1541
"2209203",2527
"2209302",2445
"2209351",2180
"2209377",2167
"2209401",2800
"2209450",893
"2209500",1661
"2209559",1894
"2209609",1407
"2209658",1979
"2209708",2560
"2209757",1217
"2209807",2168
"2209856",1701
"2209872",1943
"2209906",2341
"2209955",1880
"2209971",2678
"2210003",9708
"2210052",2081
"2210102",1572
"2210201",2461
"2210300",2280
"2210359",2202
"2210375",1028
"2210383",815
"2210391",1157
"2210409",7120
"2210508",5944
"2210607",16582
"2210623",1690
"2210631",1916
"2210656",4039
"2210706",5756
"2210805",5927
"2210904",1962
"2210938",2857
"2210953",996
"2210979",1113
"2211001",506370
"2211100",18339
"2211209",10359
"2211308",9974
"2211357",1971
"2211407",1854
"2211506",1014
"2211605",1469
"2211704",1719
"2300101",4471
"2300150",7394
"2300200",24096
"2300309",21506
"2300408",6196
"2300507",4568
"2300606",2747
"2300705",7346
"2300754",16274
"2300804",2823
"2300903",6303
"2301000",37395
"2301109",36398
"2301208",10681
"2301257",4170
"2301307",8064
"2301406",5124
"2301505",3256
"2301604",9084
"2301703",11273
"2301802",2929
"2301851",7091
"2301901",28492
"2301950",9006
"2302008",10259
"2302057",5309
"2302107",15584
"2302206",23548
"2302305",13792
"2302404",21045
"2302503",22669
"2302602",26691
"2302701",11524
"2302800",33369
"2302909",7668
"2303006",8609
"2303105",7726
"2303204",10577
"2303303",7850
"2303402",6680
"2303501",32705
"2303600",8849
"2303659",4293
"2303709",180508
"2303808",11114
"2303907",5113
"2303931",4918
"2303956",8399
"2304004",8095
"2304103",34768
"2304202",66728
"2304236",6242
"2304251",9965
"2304269",3837
"2304277",3018
"2304285",25220
"2304301",8414
"2304350",10181
"2304400",1552771
"2304459",6985
"2304509",5007
"2304608",2413
"2304657",5403
"2304707",17469
"2304806",1958
"2304905",4859
"2304954",11470
"2305001",15524
"2305100",2082
"2305209",8054
"2305233",30049
"2305266",5018
"2305308",10624
"2305332",5183
"2305357",9050
"2305407",27894
"2305506",49664
"2305605",11693
"2305654",4298
"2305704",5476
"2305803",17362
"2305902",14800
"2306009",6443
"2306108",9557
"2306207",3789
"2306256",19005
"2306306",22293
"2306405",53479
"2306504",7757
"2306553",16037
"2306603",7342
"2306702",7979
"2306801",4911
"2306900",15893
"2307007",15348
"2307106",11644
"2307205",3610
"2307254",7935
"2307304",133812
"2307403",9957
"2307502",14061
"2307601",30418
"2307635",7686
"2307650",123976
"2307700",60847
"2307809",10299
"2307908",4055
"2308005",14780
"2308104",19060
"2308203",6871
"2308302",13219
"2308351",5850
"2308377",4853
"2308401",15231
"2308500",17239
"2308609",6985
"2308708",28549
"2308807",3321
"2308906",8567
"2309003",5760
"2309102",5288
"2309201",6737
"2309300",14150
"2309409",11302
"2309458",10267
"2309508",9707
"2309607",32324
"2309706",41891
"2309805",5613
"2309904",2607
"2310001",4404
"2310100",5436
"2310209",15639
"2310258",14723
"2310308",11738
"2310407",4500
"2310506",16883
"2310605",3764
"2310704",16581
"2310803",6697
"2310852",9193
"2310902",7329
"2310951",4222
"2311009",4683
"2311108",6564
"2311207",3986
"2311231",2823
"2311264",8125
"2311306",38456
"2311355",5952
"2311405",33257
"2311504",9137
"2311603",12560
"2311702",7947
"2311801",36959
"2311900",6417
"2311959",5249
"2312007",12738
"2312106",6916
"2312205",19011
"2312304",19127
"2312403",22373
"2312502",4067
"2312601",6134
"2312700",12297
"2312809",2733
"2312908",101345
"2313005",8407
"2313104",15151
"2313203",10523
"2313252",3412
"2313302",25182
"2313351",7169
"2313401",31300
"2313500",23147
"2313559",6138
"2313609",14830
"2313708",3214
"2313757",7912
"2313807",9278
"2313906",4631
"2313955",7780
"2314003",17597
"2314102",20890
"2400109",6088
"2400208",27183
"2400307",4595
"2400406",1476
"2400505",5748
"2400604",2391
"2400703",6691
"2400802",5527
"2400901",3022
"2401008",18261
"2401107",14417
"2401206",6074
"2401305",4050
"2401404",4161
"2401453",10467
"2401503",1705
"2401602",2163
"2401651",1214
"2401701",3748
"2401800",4945
"2401859",2675
"2401909",1526
"2402006",36244
"2402105",4756
"2402204",13260
"2402303",9439
"2402402",4104
"2402501",4725
"2402600",32968
"2402709",4965
"2402808",2321
"2402907",1875
"2403004",4176
"2403103",23442
"2403202",3135
"2403251",127828
"2403301",2464
"2403400",2769
"2403509",3798
"2403608",12913
"2403707",3086
"2403756",1320
"2403806",4726
"2403905",1300
"2404002",2077
"2404101",956
"2404200",10809
"2404309",6191
"2404408",4875
"2404507",5798
"2404606",5307
"2404705",6236
"2404804",1061
"2404853",3225
"2404903",2852
"2405009",3557
"2405108",2814
"2405207",2477
"2405306",3509
"2405405",2201
"2405504",1170
"2405603",6529
"2405702",6750
"2405801",14596
"2405900",996
"2406007",2662
"2406106",8294
"2406155",1405
"2406205",2373
"2406304",2602
"2406403",1198
"2406502",6343
"2406601",2888
"2406700",4959
"2406809",2142
"2406908",1737
"2407005",4215
"2407104",34374
"2407203",15448
"2407252",1612
"2407302",3724
"2407401",4162
"2407500",4829
"2407609",1908
"2407708",4600
"2407807",9185
"2407906",965
"2408003",152848
"2408102",509535
"2408201",11395
"2408300",15192
"2408409",1824
"2408508",2454
"2408607",1672
"2408706",1815
"2408805",1870
"2408904",11068
"2408953",4201
"2409100",4898
"2409209",1256
"2409308",5472
"2409332",2102
"2409407",15068
"2409506",1541
"2409605",1152
"2409704",3058
"2409803",5974
"2409902",6820
"2410009",1636
"2410108",5951
"2410207",3558
"2410256",2249
"2410306",3457
"2410405",3471
"2410504",2336
"2410603",1506
"2410702",1473
"2410801",1888
"2410900",2996
"2411007",1914
"2411056",1872
"2411106",1524
"2411205",17136
"2411403",6550
"2411429",1333
"2411502",9771
"2411601",1182
"2411700",1703
"2411809",1580
"2411908",1872
"2412005",48646
"2412104",3115
"2412203",17883
"2412302",5588
"2412401",2486
"2412500",9519
"2412559",3770
"2412609",7772
"2412708",2708
"2412807",3818
"2412906",4741
"2413003",3030
"2413102",2322
"2413201",1659
"2413300",2324
"2413359",4796
"2413409",3696
"2413508",2787
"2413557",2186
"2413607",2758
"2413706",2148
"2413805",1100
"2413904",4606
"2414001",6265
"2414100",4784
"2414159",2611
"2414209",5697
"2414308",1177
"2414407",12847
"2414456",1470
"2414506",5188
"2414605",5852
"2414704",2297
"2414753",1513
"2414803",4412
"2414902",785
"2415008",1268
"2500106",3986
"2500205",2070
"2500304",11016
"2500403",8641
"2500502",5339
"2500536",2224
"2500577",988
"2500601",8044
"2500700",8845
"2500734",1015
"2500775",3571
"2500809",6263
"2500908",4781
"2501005",6732
"2501104",10372
"2501153",793
"2501203",3000
"2501302",7356
"2501351",1591
"2501401",3573
"2501500",8508
"2501534",1927
"2501575",3467
"2501609",5444
"2501708",2633
"2501807",54727
"2501906",7223
"2502003",2740
"2502052",1188
"2502102",2673
"2502151",3426
"2502201",1113
"2502300",2338
"2502409",4625
"2502508",8042
"2502607",2593
"2502706",1985
"2502805",5792
"2502904",2962
"2503001",9399
"2503100",2572
"2503209",34208
"2503308",4393
"2503407",1664
"2503506",5845
"2503555",2072
"2503605",2948
"2503704",31872
"2503753",1192
"2503803",2278
"2503902",2378
"2504009",227562
"2504033",1876
"2504074",1949
"2504108",1048
"2504157",2337
"2504207",1872
"2504306",14417
"2504355",2193
"2504405",7731
"2504504",2920
"2504603",10368
"2504702",2090
"2504801",6376
"2504850",922
"2504900",6674
"2505006",3079
"2505105",8804
"2505204",2744
"2505238",2218
"2505279",1815
"2505303",1024
"2505352",1703
"2505402",3509
"2505501",1605
"2505600",2886
"2505709",3760
"2505808",1506
"2505907",1423
"2506004",14813
"2506103",4569
"2506202",1413
"2506251",3388
"2506301",29392
"2506400",5418
"2506509",1626
"2506608",2339
"2506707",4602
"2506806",7151
"2506905",11537
"2507002",11333
"2507101",7066
"2507200",3904
"2507309",5659
"2507408",3433
"2507507",457000
"2507606",2806
"2507705",7447
"2507804",3279
"2507903",4068
"2508000",4021
"2508109",1928
"2508208",2967
"2508307",12668
"2508406",1281
"2508505",3326
"2508554",1688
"2508604",5274
"2508703",1699
"2508802",2507
"2508901",18325
"2509008",4183
"2509057",2946
"2509107",8762
"2509156",2836
"2509206",5512
"2509305",3134
"2509339",1709
"2509370",1031
"2509396",2476
"2509404",5106
"2509503",2351
"2509602",2011
"2509701",14433
"2509800",3891
"2509909",3842
"2510006",3121
"2510105",4608
"2510204",2505
"2510303",2157
"2510402",2902
"2510501",1928
"2510600",1459
"2510659",628
"2510709",1045
"2510808",53851
"2510907",5279
"2511004",1699
"2511103",3505
"2511202",12086
"2511301",7400
"2511400",8552
"2511509",4794
"2511608",2712
"2511707",2084
"2511806",4562
"2511905",7331
"2512002",7739
"2512036",1363
"2512077",1917
"2512101",15576
"2512200",1814
"2512309",9981
"2512408",6359
"2512507",20267
"2512606",803
"2512705",7630
"2512721",1980
"2512747",1328
"2512754",1659
"2512762",1766
"2512788",806
"2512804",3502
"2512903",10677
"2513000",1506
"2513109",4353
"2513158",2426
"2513208",3093
"2513307",2612
"2513356",1459
"2513406",7656
"2513505",2037
"2513604",3023
"2513653",1163
"2513703",61693
"2513802",2074
"2513851",1282
"2513901",13682
"2513927",1847
"2513943",1190
"2513968",1144
"2513984",1505
"2514008",2236
"2514107",1742
"2514206",2690
"2514305",2367
"2514404",2023
"2514453",2106
"2514503",9023
"2514552",1797
"2514602",1522
"2514651",754
"2514701",1867
"2514800",1873
"2514909",3821
"2515005",2467
"2515104",5122
"2515203",1480
"2515302",22199
"2515401",4503
"2515500",6582
"2515609",1306
"2515708",1304
"2515807",2976
"2515906",2177
"2515930",1957
"2515971",3090
"2516003",11698
"2516102",6889
"2516151",1388
"2516201",33588
"2516300",8118
"2516409",4507
"2516508",6671
"2516607",5849
"2516706",6525
"2516755",1239
"2516805",4063
"2516904",6974
"2517001",3613
"2517100",1427
"2517209",2043
"2517407",978
"2600054",57639
"2600104",17471
"2600203",8087
"2600302",9697
"2600401",13420
"2600500",13669
"2600609",6203
"2600708",17416
"2600807",9420
"2600906",9204
"2601003",4037
"2601052",8621
"2601102",34293
"2601201",35597
"2601300",5029
"2601409",19354
"2601508",4270
"2601607",9597
"2601706",34884
"2601805",4930
"2601904",28002
"2602001",14885
"2602100",17876
"2602209",17051
"2602308",15075
"2602407",3631
"2602506",3442
"2602605",18952
"2602704",5906
"2602803",17037
"2602902",108634
"2603009",13897
"2603108",8163
"2603207",9220
"2603306",4496
"2603405",2226
"2603454",88105
"2603504",7475
"2603603",3733
"2603702",9591
"2603801",8108
"2603900",8447
"2603926",4533
"2604007",42324
"2604106",176178
"2604155",5642
"2604205",17218
"2604304",5058
"2604403",5946
"2604502",8868
"2604601",11144
"2604700",7164
"2604809",5399
"2604908",7655
"2605004",10140
"2605103",15918
"2605152",7698
"2605202",32029
"2605301",13716
"2605400",9136
"2605459",1856
"2605509",5152
"2605608",9218
"2605707",14084
"2605806",6542
"2605905",12273
"2606002",68454
"2606101",12909
"2606200",40680
"2606309",3033
"2606408",38548
"2606507",6295
"2606606",10401
"2606705",3049
"2606804",57989
"2606903",5385
"2607000",7063
"2607109",2097
"2607208",39765
"2607307",11080
"2607406",2049
"2607505",8732
"2607604",12970
"2607653",15252
"2607703",6708
"2607752",12545
"2607802",7024
"2607901",397290
"2607950",4573
"2608008",5887
"2608057",6732
"2608107",12593
"2608206",6609
"2608255",4436
"2608305",5638
"2608404",5036
"2608453",7920
"2608503",9314
"2608602",4320
"2608701",5549
"2608750",9940
"2608800",17026
"2608909",30293
"2609006",10218
"2609105",5676
"2609154",5520
"2609204",4390
"2609303",6473
"2609402",31329
"2609501",17053
"2609600",241196
"2609709",9785
"2609808",6033
"2609907",27006
"2610004",29591
"2610103",3333
"2610202",9022
"2610301",4211
"2610400",9081
"2610509",12352
"2610608",25519
"2610707",195230
"2610806",8397
"2610905",29733
"2611002",16228
"2611101",164393
"2611200",4297
"2611309",11286
"2611408",5942
"2611507",8400
"2611533",2982
"2611606",990397
"2611705",7941
"2611804",21558
"2611903",10375
"2612000",4674
"2612109",3170
"2612208",29603
"2612307",6102
"2612406",9823
"2612455",5378
"2612471",5456
"2612505",47895
"2612554",5289
"2612604",17876
"2612703",5156
"2612802",5127
"2612901",5623
"2613008",22292
"2613107",15527
"2613206",8560
"2613305",8214
"2613404",8327
"2613503",14598
"2613602",16050
"2613701",57457
"2613800",6944
"2613909",40269
"2614006",8240
"2614105",15700
"2614204",18541
"2614303",5168
"2614402",2548
"2614501",28966
"2614600",12940
"2614709",5003
"2614808",9609
"2614857",9829
"2615003",12304
"2615102",2588
"2615201",4551
"2615300",27414
"2615409",17990
"2615508",6542
"2615607",11103
"2615706",7985
"2615805",8047
"2615904",4041
"2616001",7139
"2616100",3908
"2616183",3206
"2616209",8772
"2616308",15430
"2616407",67379
"2616506",5405
"2700102",7546
"2700201",6516
"2700300",104918
"2700409",16829
"2700508",6036
"2700607",3486
"2700706",7244
"2700805",1909
"2700904",2399
"2701001",11441
"2701100",3348
"2701209",3580
"2701308",7731
"2701357",2468
"2701407",21916
"2701506",3166
"2701605",5323
"2701704",6491
"2701803",3103
"2701902",2512
"2702009",3847
"2702108",7422
"2702207",2418
"2702306",24396
"2702355",7630
"2702405",22604
"2702504",3787
"2702553",6140
"2702603",7630
"2702702",1742
"2702801",4576
"2702900",13422
"2703007",5039
"2703106",9560
"2703205",8826
"2703304",5438
"2703403",2251
"2703502",2662
"2703601",3150
"2703700",2085
"2703759",4939
"2703809",7536
"2703908",1671
"2704005",9356
"2704104",6760
"2704203",10370
"2704302",547821
"2704401",7119
"2704500",11627
"2704609",4208
"2704708",22051
"2704807",5958
"2704906",1558
"2705002",7991
"2705101",9631
"2705200",6061
"2705309",1852
"2705408",2316
"2705507",10250
"2705606",4466
"2705705",8360
"2705804",2959
"2705903",1586
"2706000",3816
"2706109",4248
"2706208",1758
"2706307",33954
"2706406",9578
"2706422",4112
"2706448",5131
"2706505",5487
"2706604",3083
"2706703",28143
"2706802",7026
"2706901",15252
"2707008",1054
"2707107",8713
"2707206",4929
"2707305",10622
"2707404",3316
"2707503",7520
"2707602",4676
"2707701",35342
"2707800",2187
"2707909",3151
"2708006",18687
"2708105",3819
"2708204",2542
"2708303",8848
"2708402",9728
"2708501",11848
"2708600",26880
"2708709",3087
"2708808",11993
"2708907",7648
"2708956",4278
"2709004",2302
"2709103",6976
"2709152",16771
"2709202",7458
"2709301",24979
"2709400",10287
"2800100",1066
"2800209",8655
"2800308",367656
"2800407",4700
"2800506",7612
"2800605",13919
"2800670",11990
"2800704",2854
"2801009",7439
"2801108",1545
"2801207",9247
"2801306",13936
"2801405",7961
"2801504",7166
"2801603",2851
"2801702",6632
"2801900",1804
"2802007",1974
"2802106",33153
"2802205",2201
"2802304",6250
"2802403",4776
"2802502",1538
"2802601",2395
"2802700",3687
"2802809",6556
"2802908",43472
"2803005",15997
"2803104",2188
"2803203",13652
"2803302",8325
"2803401",5342
"2803500",44819
"2803609",14329
"2803708",2674
"2803807",1574
"2803906",5540
"2804003",8235
"2804102",5249
"2804201",5263
"2804300",3405
"2804409",8756
"2804458",3490
"2804508",14847
"2804607",10862
"2804706",2765
"2804805",90987
"2804904",5271
"2805000",1445
"2805109",3850
"2805208",2630
"2805307",4021
"2805406",10856
"2805505",9496
"2805604",11284
"2805703",14614
"2805802",8076
"2805901",4665
"2806008",8104
"2806107",4888
"2806206",8665
"2806305",4755
"2806404",3359
"2806503",1682
"2806602",5677
"2806701",44263
"2806800",4224
"2806909",1480
"2807006",1477
"2807105",17768
"2807204",3758
"2807303",1304
"2807402",21336
"2807501",5025
"2807600",10096
"2900108",4482
"2900207",7047
"2900306",6796
"2900355",6346
"2900405",6904
"2900504",5041
"2900603",2180
"2900702",86068
"2900801",9734
"2900900",2717
"2901007",17065
"2901106",14021
"2901155",6815
"2901205",10531
"2901304",5857
"2901353",7005
"2901403",6558
"2901502",5246
"2901601",8119
"2901700",5116
"2901809",5326
"2901908",7594
"2901957",3151
"2902005",6270
"2902054",5377
"2902104",19999
"2902203",5379
"2902252",3882
"2902302",3975
"2902401",6087
"2902500",5863
"2902609",9164
"2902658",5188
"2902708",20539
"2902807",11139
"2902906",15547
"2903003",7401
"2903102",3001
"2903201",80231
"2903235",6990
"2903276",7327
"2903300",3023
"2903409",9602
"2903508",7323
"2903607",6762
"2903706",6427
"2903805",7270
"2903904",31181
"2903953",4621
"2904001",6513
"2904050",6744
"2904100",10319
"2904209",5109
"2904308",6961
"2904407",5543
"2904506",5055
"2904605",37315
"2904704",8892
"2904753",8406
"2904803",5038
"2904852",7257
"2904902",17264
"2905008",11593
"2905107",4429
"2905156",6425
"2905206",24717
"2905305",7907
"2905404",8333
"2905503",5366
"2905602",14359
"2905701",151449
"2905800",14813
"2905909",11705
"2906006",29926
"2906105",3854
"2906204",11715
"2906303",15646
"2906402",4264
"2906501",51729
"2906600",6718
"2906709",13084
"2906808",13709
"2906824",7018
"2906857",5535
"2906873",13680
"2906899",4454
"2906907",9539
"2907004",3915
"2907103",12368
"2907202",29988
"2907301",12247
"2907400",1273
"2907509",31314
"2907558",4259
"2907608",8340
"2907707",4590
"2907806",14155
"2907905",7421
"2908002",10405
"2908101",8547
"2908200",11022
"2908309",9402
"2908408",31911
"2908507",17690
"2908606",9968
"2908705",7755
"2908804",2212
"2908903",11158
"2909000",3995
"2909109",6209
"2909208",5997
"2909307",14809
"2909406",5774
"2909505",2282
"2909604",8042
"2909703",5704
"2909802",35283
"2909901",13728
"2910008",5099
"2910057",39601
"2910107",5893
"2910206",1984
"2910305",3902
"2910404",9927
"2910503",20091
"2910602",14973
"2910701",25244
"2910727",54713
"2910750",7136
"2910776",3083
"2910800",342589
"2910859",8005
"2910909",2489
"2911006",4633
"2911105",10522
"2911204",14720
"2911253",2278
"2911303",5073
"2911402",6965
"2911501",3727
"2911600",10543
"2911659",4754
"2911709",45129
"2911808",8695
"2911857",5570
"2911907",11410
"2912004",5448
"2912103",12186
"2912202",8820
"2912301",7412
"2912400",8971
"2912509",6455
"2912608",2077
"2912707",8222
"2912806",3882
"2912905",8393
"2913002",7580
"2913101",8596
"2913200",13271
"2913309",2860
"2913408",8172
"2913457",5555
"2913507",11092
"2913606",105068
"2913705",16383
"2913804",7021
"2913903",22880
"2914000",26432
"2914109",4990
"2914208",3134
"2914307",5713
"2914406",11023
"2914505",13277
"2914604",37127
"2914653",12634
"2914703",32408
"2914802",124320
"2914901",10952
"2915007",6314
"2915106",5499
"2915205",7253
"2915304",3234
"2915353",5452
"2915403",3203
"2915502",10549
"2915601",30368
"2915700",3555
"2915809",10664
"2915908",3282
"2916005",10069
"2916104",12228
"2916203",5390
"2916302",4215
"2916401",38705
"2916500",10909
"2916609",4801
"2916708",3143
"2916807",9219
"2916856",6883
"2916906",6046
"2917003",15851
"2917102",9566
"2917201",8480
"2917300",13075
"2917334",4899
"2917359",4341
"2917409",7132
"2917508",42562
"2917607",22501
"2917706",16450
"2917805",7020
"2917904",4264
"2918001",85376
"2918100",14936
"2918209",6915
"2918308",6174
"2918357",10711
"2918407",108588
"2918456",4105
"2918506",6720
"2918555",2769
"2918605",4293
"2918704",1908
"2918753",6479
"2918803",10292
"2918902",1860
"2919009",1754
"2919058",3701
"2919108",3807
"2919157",12656
"2919207",107125
"2919306",5073
"2919405",6318
"2919504",22082
"2919553",35753
"2919603",4726
"2919702",7764
"2919801",21371
"2919900",3654
"2919926",11197
"2919959",3054
"2920007",4049
"2920106",8946
"2920205",6768
"2920304",4123
"2920403",6422
"2920452",6303
"2920502",11831
"2920601",21596
"2920700",8077
"2920809",4310
"2920908",6006
"2921005",23324
"2921054",4727
"2921104",10517
"2921203",12839
"2921302",5095
"2921401",7219
"2921450",4633
"2921500",20173
"2921609",3631
"2921708",16116
"2921807",6142
"2921906",5392
"2922003",18045
"2922052",5653
"2922102",11407
"2922201",3993
"2922250",4273
"2922300",15604
"2922409",10607
"2922508",14384
"2922607",5588
"2922656",5176
"2922706",7079
"2922730",3858
"2922755",2962
"2922805",3006
"2922854",3616
"2922904",9883
"2923001",18733
"2923035",5438
"2923050",7230
"2923100",10903
"2923209",10353
"2923308",4054
"2923357",7088
"2923407",9902
"2923506",4250
"2923605",11600
"2923704",13430
"2923803",12755
"2923902",4546
"2924009",59218
"2924058",6500
"2924108",3253
"2924207",5519
"2924306",8237
"2924405",13500
"2924504",7973
"2924603",9444
"2924652",4874
"2924678",4434
"2924702",6312
"2924801",10942
"2924900",3983
"2925006",10860
"2925105",20238
"2925204",20184
"2925253",7160
"2925303",69272
"2925402",4776
"2925501",13058
"2925600",7327
"2925709",5735
"2925758",10373
"2925808",11599
"2925907",10758
"2925931",4201
"2925956",9589
"2926004",17370
"2926103",6385
"2926202",9381
"2926301",17987
"2926400",14620
"2926509",5221
"2926608",21922
"2926657",3369
"2926707",6886
"2926806",6891
"2926905",5649
"2927002",16319
"2927101",3633
"2927200",14200
"2927309",7471
"2927408",1820089
"2927507",9234
"2927606",5776
"2927705",13346
"2927804",3256
"2927903",4719
"2928000",16104
"2928059",5615
"2928109",19374
"2928208",11398
"2928307",4185
"2928406",12499
"2928505",4315
"2928604",33353
"2928703",54700
"2928802",23190
"2928901",12441
"2928950",4945
"2929008",8177
"2929057",6563
"2929107",10343
"2929206",19464
"2929255",9102
"2929305",18550
"2929354",2485
"2929370",4409
"2929404",4950
"2929503",24155
"2929602",9091
"2929701",8095
"2929750",6403
"2929800",5929
"2929909",22065
"2930006",5064
"2930105",40296
"2930154",13419
"2930204",16266
"2930303",8672
"2930402",7151
"2930501",40998
"2930600",6233
"2930709",70381
"2930758",5212
"2930766",4957
"2930774",10818
"2930808",7386
"2930907",5079
"2931004",9826
"2931053",7413
"2931103",4237
"2931202",7958
"2931301",7494
"2931350",76793
"2931400",3868
"2931509",9792
"2931608",6203
"2931707",6972
"2931806",7817
"2931905",22340
"2932002",11687
"2932101",8724
"2932200",10234
"2932309",11107
"2932408",7532
"2932457",7852
"2932507",11192
"2932606",8441
"2932705",9657
"2932804",8153
"2932903",45835
"2933000",13761
"2933059",6161
"2933109",4397
"2933158",5987
"2933174",4495
"2933208",21437
"2933257",2914
"2933307",176698
"2933406",4237
"2933455",5767
"2933505",9574
"2933604",20312
"3100104",4362
"3100203",14186
"3100302",7655
"3100401",2197
"3100500",5116
"3100609",6499
"3100708",1289
"3100807",2434
"3100906",8709
"3101003",5599
"3101102",14300
"3101201",3670
"3101300",1567
"3101409",1751
"3101508",21958
"3101607",47790
"3101631",3698
"3101706",19385
"3101805",3877
"3101904",11623
"3102001",8445
"3102050",3102
"3102100",7039
"3102209",2412
"3102308",8811
"3102407",1605
"3102506",2748
"3102605",23752
"3102704",4016
"3102803",7658
"3102852",3323
"3102902",6672
"3103009",5225
"3103108",1016
"3103207",1353
"3103306",1235
"3103405",18909
"3103504",72693
"3103603",1760
"3103702",4014
"3103751",3769
"3103801",1783
"3103900",4956
"3104007",62907
"3104106",5775
"3104205",24899
"3104304",8766
"3104403",1770
"3104452",2223
"3104502",9311
"3104601",8426
"3104700",6811
"3104809",2656
"3104908",11287
"3105004",4667
"3105103",14943
"3105202",2344
"3105301",3328
"3105400",18416
"3105509",3140
"3105608",83027
"3105707",3436
"3105905",12818
"3106002",5949
"3106101",1910
"3106200",1644078
"3106309",13667
"3106408",4675
"3106507",6118
"3106606",1934
"3106655",2113
"3106705",241335
"3106804",2164
"3106903",8616
"3107000",1631
"3107109",24087
"3107208",2822
"3107307",26779
"3107406",29118
"3107505",3881
"3107604",2436
"3107703",3302
"3107802",8148
"3107901",6364
"3108008",10215
"3108107",4129
"3108206",3391
"3108255",3992
"3108305",11107
"3108404",9279
"3108503",3194
"3108552",7972
"3108602",17072
"3108701",2522
"3108800",2631
"3108909",8801
"3109006",21965
"3109105",6844
"3109204",5684
"3109253",2093
"3109303",11943
"3109402",14474
"3109451",3534
"3109501",8589
"3109600",2442
"3109709",6919
"3109808",1440
"3109907",6647
"3110004",26197
"3110103",2793
"3110202",2388
"3110301",8818
"3110400",1970
"3110509",12531
"3110608",17171
"3110707",7633
"3110806",1800
"3110905",9457
"3111002",13020
"3111101",12301
"3111150",1771
"3111200",32693
"3111309",7087
"3111408",4079
"3111507",8410
"3111606",16020
"3111705",2704
"3111804",6746
"3111903",3417
"3112000",9110
"3112059",2274
"3112109",2919
"3112208",2903
"3112307",17313
"3112406",4089
"3112505",5481
"3112604",9133
"3112653",2637
"3112703",7115
"3112802",5321
"3112901",4890
"3113008",9593
"3113107",1988
"3113206",14942
"3113305",19879
"3113404",51371
"3113503",4723
"3113602",3666
"3113701",10443
"3113800",1311
"3113909",6868
"3114006",6794
"3114105",7938
"3114204",12704
"3114303",18667
"3114402",12914
"3114501",11033
"3114550",5850
"3114600",2393
"3114709",2065
"3114808",2719
"3114907",1419
"3115003",1872
"3115102",10529
"3115201",2477
"3115300",46014
"3115359",2973
"3115409",1931
"3115458",2892
"3115474",2324
"3115508",13753
"3115607",686
"3115706",3605
"3115805",6222
"3115904",1625
"3116001",3133
"3116100",6742
"3116159",5278
"3116209",1631
"3116308",3758
"3116407",2795
"3116506",4333
"3116605",16661
"3116704",4219
"3116803",4522
"3116902",1873
"3117009",3927
"3117108",5976
"3117207",1727
"3117306",14096
"3117405",2562
"3117504",8694
"3117603",3175
"3117702",7370
"3117801",6399
"3117836",3457
"3117876",3835
"3117900",6770
"3118007",31763
"3118106",2144
"3118205",4033
"3118304",79166
"3118403",12140
"3118502",1001
"3118601",408595
"3118700",5593
"3118809",13766
"3118908",5383
"3119005",1878
"3119104",14008
"3119203",5453
"3119302",17652
"3119401",66798
"3119500",4750
"3119609",1876
"3119708",2090
"3119807",2136
"3119906",2336
"3119955",3771
"3120003",1648
"3120102",2375
"3120151",2291
"3120201",7043
"3120300",2556
"3120409",3066
"3120508",6255
"3120607",2895
"3120706",2290
"3120805",8859
"3120839",2436
"3120870",3183
"3120904",45527
"3121001",2878
"3121100",4805
"3121209",4096
"3121258",4742
"3121308",2989
"3121407",4114
"3121506",1751
"3121605",26927
"3121704",1986
"3121803",5282
"3121902",1948
"3122009",10542
"3122108",2619
"3122207",3809
"3122306",144881
"3122355",2752
"3122405",3248
"3122454",4458
"3122470",2135
"3122504",2987
"3122603",2272
"3122702",3138
"3122801",1838
"3122900",3695
"3123007",6058
"3123106",2644
"3123205",8207
"3123304",2431
"3123403",909
"3123502",1210
"3123528",3776
"3123601",15184
"3123700",5323
"3123809",3824
"3123858",2954
"3123908",9032
"3124005",10270
"3124104",34777
"3124203",12930
"3124302",15708
"3124401",2774
"3124500",6906
"3124609",1368
"3124708",2008
"3124807",4559
"3124906",6509
"3125002",2224
"3125101",18349
"3125200",1476
"3125309",1887
"3125408",2575
"3125507",1536
"3125606",3038
"3125705",8422
"3125804",1562
"3125903",5460
"3125952",5636
"3126000",4165
"3126109",43001
"3126208",4133
"3126307",2478
"3126406",1668
"3126505",5391
"3126604",2437
"3126703",12612
"3126752",2504
"3126802",2623
"3126901",4624
"3126950",1612
"3127008",8257
"3127057",2015
"3127073",2207
"3127107",34877
"3127206",2131
"3127305",3568
"3127339",2459
"3127354",1701
"3127370",1596
"3127388",2226
"3127404",2504
"3127503",2971
"3127602",7147
"3127701",163512
"3127800",7458
"3127909",867
"3128006",17954
"3128105",8530
"3128204",5715
"3128253",2659
"3128303",11352
"3128402",5156
"3128501",2357
"3128600",3953
"3128709",31982
"3128808",4308
"3128907",4427
"3129004",5182
"3129103",3554
"3129202",3681
"3129301",5580
"3129400",2902
"3129509",14906
"3129608",3867
"3129657",2794
"3129707",7384
"3129806",98860
"3129905",2044
"3130002",1652
"3130051",5621
"3130101",21042
"3130200",5722
"3130309",5435
"3130408",3654
"3130507",6921
"3130556",3430
"3130606",4469
"3130655",3070
"3130705",3635
"3130804",1633
"3130903",13656
"3131000",3569
"3131109",3825
"3131158",9480
"3131208",10417
"3131307",159362
"3131406",2395
"3131505",5944
"3131604",3974
"3131703",71497
"3131802",5775
"3131901",29922
"3132008",2794
"3132107",8566
"3132206",7812
"3132305",5351
"3132404",60154
"3132503",16145
"3132602",2709
"3132701",10952
"3132800",1239
"3132909",6413
"3133006",9087
"3133105",9278
"3133204",6350
"3133303",10472
"3133402",9215
"3133501",13311
"3133600",5493
"3133709",5975
"3133758",9973
"3133808",57607
"3133907",3208
"3134004",6940
"3134103",3214
"3134202",61582
"3134301",3948
"3134400",21688
"3134509",2533
"3134608",9991
"3134707",5632
"3134806",4538
"3134905",14520
"3135001",1870
"3135050",16980
"3135076",2389
"3135100",36858
"3135209",32428
"3135308",2463
"3135357",4076
"3135407",3435
"3135456",3363
"3135506",6988
"3135605",4194
"3135704",3063
"3135803",11096
"3135902",2979
"3136009",6313
"3136108",2921
"3136207",49186
"3136306",26683
"3136405",2302
"3136504",5061
"3136520",2261
"3136553",2098
"3136579",1752
"3136603",3209
"3136652",13649
"3136702",351902
"3136801",2299
"3136900",5843
"3136959",2632
"3137007",6811
"3137106",4703
"3137205",29161
"3137304",2232
"3137403",7549
"3137502",10715
"3137536",5047
"3137601",34315
"3137700",10559
"3137809",12193
"3137908",1902
"3138005",4155
"3138104",3461
"3138203",61269
"3138302",1906
"3138351",2494
"3138401",32108
"3138500",3146
"3138609",9843
"3138625",4246
"3138658",4102
"3138674",3428
"3138682",3030
"3138708",3242
"3138807",10967
"3138906",3433
"3139003",23879
"3139102",3044
"3139201",8583
"3139250",3170
"3139300",8588
"3139409",47678
"3139508",12084
"3139607",15411
"3139706",4318
"3139805",7229
"3139904",8758
"3140001",33936
"3140100",2082
"3140159",7857
"3140209",1605
"3140308",2261
"3140407",1777
"3140506",7593
"3140530",3938
"3140555",3374
"3140605",2174
"3140704",17008
"3140803",8581
"3140852",4410
"3140902",9329
"3141009",6733
"3141108",21856
"3141207",2290
"3141306",2187
"3141405",10362
"3141504",3232
"3141603",6063
"3141702",3259
"3141801",14273
"3141900",2351
"3142007",6948
"3142106",5948
"3142205",8005
"3142254",2064
"3142304",2793
"3142403",4526
"3142502",1281
"3142601",4940
"3142700",7536
"3142809",11905
"3142908",11516
"3143005",8004
"3143104",29390
"3143153",1757
"3143203",12631
"3143302",230885
"3143401",13934
"3143450",3483
"3143500",5001
"3143609",1558
"3143708",1636
"3143807",3775
"3143906",64667
"3144003",14273
"3144102",13179
"3144201",1518
"3144300",23164
"3144359",3490
"3144375",1850
"3144409",2997
"3144508",4839
"3144607",15464
"3144656",3802
"3144672",1816
"3144706",10950
"3144805",56066
"3144904",1852
"3145000",7756
"3145059",3910
"3145109",9663
"3145208",48016
"3145307",12627
"3145356",4359
"3145372",2468
"3145406",1121
"3145455",2678
"3145505",1485
"3145604",25141
"3145703",1171
"3145802",1736
"3145851",2516
"3145877",3807
"3145901",23820
"3146008",20096
"3146107",45711
"3146206",2619
"3146255",2506
"3146305",9029
"3146404",2830
"3146503",5210
"3146552",2501
"3146602",949
"3146701",3970
"3146750",3075
"3146909",8320
"3147006",51027
"3147105",55255
"3147204",12966
"3147303",12041
"3147402",14073
"3147501",973
"3147600",10034
"3147709",5234
"3147808",1218
"3147907",69561
"3147956",2578
"3148004",92349
"3148103",51496
"3148202",3323
"3148301",5455
"3148400",2407
"3148509",4185
"3148608",8468
"3148707",11799
"3148756",3550
"3148806",1807
"3148905",2482
"3149002",1226
"3149101",6866
"3149150",4868
"3149200",2128
"3149309",38383
"3149408",1093
"3149507",1937
"3149606",2494
"3149705",5635
"3149804",8820
"3149903",12879
"3149952",3496
"3150000",2068
"3150109",1693
"3150158",3649
"3150208",2190
"3150307",2846
"3150406",2707
"3150505",5260
"3150539",2391
"3150570",3393
"3150604",3759
"3150703",2909
"3150802",9529
"3150901",3212
"3151008",4928
"3151107",6606
"3151206",32719
"3151305",6796
"3151404",15923
"3151503",20781
"3151602",6536
"3151701",10464
"3151800",103630
"3151909",5033
"3152006",16904
"3152105",37043
"3152131",2074
"3152170",4563
"3152204",19547
"3152303",6201
"3152402",6962
"3152501",87473
"3152600",3892
"3152709",5359
"3152808",15988
"3152907",5559
"3153004",2044
"3153103",3003
"3153202",1961
"3153301",1554
"3153400",11386
"3153509",4849
"3153608",5950
"3153707",1864
"3153806",1227
"3153905",10026
"3154002",13854
"3154101",6202
"3154150",3599
"3154200",6902
"3154309",9570
"3154408",2858
"3154457",4130
"3154507",4467
"3154606",184234
"3154705",2505
"3154804",5778
"3154903",8278
"3155009",1450
"3155108",2527
"3155207",3402
"3155306",3313
"3155405",5366
"3155504",7582
"3155603",13557
"3155702",8730
"3155801",10731
"3155900",3224
"3156007",5901
"3156106",3135
"3156205",1276
"3156304",4381
"3156403",2263
"3156452",2455
"3156502",3806
"3156601",4658
"3156700",80731
"3156809",8055
"3156908",15467
"3157005",21669
"3157104",3170
"3157203",17838
"3157252",4350
"3157278",1590
"3157302",2686
"3157336",5093
"3157377",1982
"3157401",2757
"3157500",2243
"3157609",1909
"3157658",2441
"3157708",7405
"3157807",130184
"3157906",8435
"3158003",5786
"3158102",2492
"3158201",6754
"3158300",4540
"3158409",2211
"3158508",4285
"3158607",2291
"3158706",1257
"3158805",2635
"3158904",4483
"3158953",16165
"3159001",2286
"3159100",2249
"3159209",5954
"3159308",2999
"3159357",3651
"3159407",1950
"3159506",3012
"3159605",23634
"3159704",1896
"3159803",11074
"3159902",10160
"3160009",2032
"3160108",2226
"3160207",1779
"3160306",5280
"3160405",16615
"3160454",2787
"3160504",941
"3160603",1704
"3160702",29775
"3160801",2534
"3160900",2381
"3160959",2991
"3161007",10595
"3161056",1651
"3161106",26385
"3161205",3930
"3161304",3603
"3161403",2971
"3161502",6373
"3161601",2119
"3161650",1802
"3161700",3535
"3161809",6510
"3161908",5767
"3162005",14558
"3162104",19711
"3162203",4307
"3162252",2544
"3162302",1710
"3162401",10779
"3162450",4309
"3162500",57556
"3162559",5664
"3162575",2740
"3162609",4338
"3162658",1903
"3162708",10433
"3162807",8040
"3162906",16067
"3162922",15656
"3162948",4322
"3162955",12553
"3163003",1909
"3163102",2550
"3163201",2453
"3163300",1935
"3163409",3181
"3163508",3261
"3163607",1368
"3163706",27088
"3163805",3673
"3163904",3099
"3164001",4650
"3164100",2827
"3164209",5479
"3164308",4236
"3164407",2866
"3164431",1656
"3164472",2906
"3164506",4770
"3164605",3662
"3164704",41139
"3164803",882
"3164902",1333
"3165008",6508
"3165107",4129
"3165206",3794
"3165305",4323
"3165404",3587
"3165503",2805
"3165537",15999
"3165552",3891
"3165560",1562
"3165578",3080
"3165602",1115
"3165701",4286
"3165800",1189
"3165909",2165
"3166006",3193
"3166105",1695
"3166204",6133
"3166303",3743
"3166402",1100
"3166501",1651
"3166600",479
"3166709",4291
"3166808",6394
"3166907",4104
"3166956",2275
"3167004",1100
"3167103",10005
"3167202",142181
"3167301",1293
"3167400",3616
"3167509",1532
"3167608",9725
"3167707",2980
"3167806",3502
"3167905",2404
"3168002",16365
"3168051",1785
"3168101",2693
"3168200",1120
"3168309",2152
"3168408",7615
"3168507",6862
"3168606",78670
"3168705",53903
"3168804",4645
"3168903",4251
"3169000",9912
"3169059",2606
"3169109",3299
"3169208",5688
"3169307",45180
"3169356",17548
"3169406",33165
"3169505",3208
"3169604",14986
"3169703",9964
"3169802",2822
"3169901",66294
"3170008",5539
"3170057",6671
"3170107",200145
"3170206",410086
"3170305",1285
"3170404",47611
"3170438",2658
"3170479",1714
"3170503",5647
"3170529",6889
"3170578",3470
"3170602",1401
"3170651",2177
"3170701",82420
"3170750",3674
"3170800",20364
"3170909",8383
"3171006",12620
"3171030",3349
"3171071",2876
"3171105",2080
"3171154",2669
"3171204",64912
"3171303",48168
"3171402",2222
"3171501",1660
"3171600",6990
"3171709",5203
"3171808",5768
"3171907",2772
"3172004",23622
"3172103",2878
"3172202",1628
"3200102",18040
"3200136",5369
"3200169",6098
"3200201",17764
"3200300",8991
"3200359",4008
"3200409",15082
"3200508",4299
"3200607",50049
"3200706",6023
"3200805",16956
"3200904",23308
"3201001",7944
"3201100",5860
"3201159",6031
"3201209",122265
"3201308",220599
"3201407",22044
"3201506",72644
"3201605",15207
"3201704",6853
"3201803",2452
"3201902",19349
"3202009",3421
"3202108",12375
"3202207",10122
"3202256",6547
"3202306",16034
"3202405",65913
"3202454",12246
"3202504",6972
"3202553",4385
"3202603",8408
"3202652",6226
"3202702",8352
"3202801",17858
"3202900",6770
"3203007",15513
"3203056",13671
"3203106",6324
"3203130",10348
"3203163",6755
"3203205",84896
"3203304",7112
"3203320",20397
"3203346",8677
"3203353",6831
"3203403",15676
"3203502",9799
"3203601",3056
"3203700",10240
"3203809",8634
"3203908",27041
"3204005",11711
"3204054",12315
"3204104",13146
"3204203",11325
"3204252",3598
"3204302",5731
"3204351",10384
"3204401",7147
"3204500",7183
"3204559",20380
"3204609",13668
"3204658",4800
"3204708",19649
"3204807",6085
"3204906",64321
"3204955",7029
"3205002",260618
"3205010",12714
"3205036",10936
"3205069",13170
"3205101",41061
"3205150",5018
"3205176",8128
"3205200",280345
"3205309",227512
"3300100",108841
"3300159",6403
"3300209",68934
"3300225",7267
"3300233",18051
"3300258",18049
"3300308",62081
"3300407",118640
"3300456",295187
"3300506",15727
"3300605",21388
"3300704",117486
"3300803",33962
"3300902",9002
"3300936",8483
"3300951",5182
"3301009",288814
"3301108",12090
"3301157",7451
"3301207",10687
"3301306",22166
"3301405",12930
"3301504",13243
"3301603",6464
"3301702",545373
"3301801",8716
"3301850",31183
"3301876",14782
"3301900",138709
"3302007",69160
"3302056",8915
"3302106",14244
"3302205",62381
"3302254",18228
"3302270",57663
"3302304",4301
"3302403",137723
"3302452",3233
"3302502",140605
"3302601",23867
"3302700",84634
"3302809",11832
"3302858",110292
"3302908",15421
"3303005",16006
"3303104",9126
"3303203",106609
"3303302",338695
"3303401",120438
"3303500",507108
"3303609",31571
"3303708",26055
"3303807",23063
"3303856",15302
"3303906",194834
"3303955",14695
"3304003",16896
"3304102",10397
"3304110",10443
"3304128",8310
"3304144",85443
"3304151",12220
"3304201",78970
"3304300",34819
"3304409",10528
"3304508",5183
"3304524",70114
"3304557",4254495
"3304607",5930
"3304706",25402
"3304755",21862
"3304805",23121
"3304904",674811
"3305000",19925
"3305109",299798
"3305133",4178
"3305158",12233
"3305208",54932
"3305307",5121
"3305406",10894
"3305505",47235
"3305554",49278
"3305604",12014
"3305703",8769
"3305752",18999
"3305802",103370
"3305901",5891
"3306008",49648
"3306107",45536
"3306156",5462
"3306206",21565
"3306305",176327
"3500105",22597
"3500204",2357
"3500303",19892
"3500402",4956
"3500501",11206
"3500550",3502
"3500600",1750
"3500709",22074
"3500758",3062
"3500808",2450
"3500907",2373
"3501004",10064
"3501103",2675
"3501152",10679
"3501202",2617
"3501301",14941
"3501400",3208
"3501509",1806
"3501608",147248
"3501707",21852
"3501806",3646
"3501905",44548
"3502002",2709
"3502101",36937
"3502200",13958
"3502309",3332
"3502408",2359
"3502507",23657
"3502606",2706
"3502705",14554
"3502754",10355
"3502804",124612
"3502903",17708
"3503000",3424
"3503109",3741
"3503158",1483
"3503208",143909
"3503307",79517
"3503356",1172
"3503406",4981
"3503505",2150
"3503604",6202
"3503703",5465
"3503802",28287
"3503901",47781
"3503950",1138
"3504008",64721
"3504107",81806
"3504206",9407
"3504305",3011
"3504404",7388
"3504503",54411
"3504602",9807
"3504701",2997
"3504800",5459
"3504909",6236
"3505005",1835
"3505104",3952
"3505203",20138
"3505302",24173
"3505351",2869
"3505401",3814
"3505500",74848
"3505609",17532
"3505708",156961
"3505807",13253
"3505906",37105
"3506003",232281
"3506102",49717
"3506201",1711
"3506300",6768
"3506359",29149
"3506409",4688
"3506508",74041
"3506607",17152
"3506706",8229
"3506805",7002
"3506904",5768
"3507001",31534
"3507100",12470
"3507159",1864
"3507209",536
"3507308",2684
"3507407",9305
"3507456",1375
"3507506",83675
"3507605",96755
"3507704",3154
"3507753",1580
"3507803",13526
"3507902",13702
"3508009",10411
"3508108",10075
"3508207",2711
"3508306",2609
"3508405",25852
"3508504",56244
"3508603",19844
"3508702",11212
"3508801",10564
"3508900",2504
"3509007",56668
"3509106",3110
"3509205",40990
"3509254",15914
"3509304",6330
"3509403",14382
"3509452",3326
"3509502",743075
"3509601",48405
"3509700",30892
"3509809",2672
"3509908",7155
"3509957",2675
"3510005",19316
"3510104",1770
"3510153",2484
"3510203",27533
"3510302",10800
"3510401",31307
"3510500",64513
"3510609",240014
"3510708",7427
"3510807",18237
"3510906",1606
"3511003",11223
"3511102",76125
"3511201",4638
"3511300",5254
"3511409",10917
"3511508",26973
"3511607",10326
"3511706",9534
"3511904",4433
"3512001",11304
"3512100",3712
"3512209",15142
"3512308",10102
"3512407",13802
"3512506",3456
"3512605",2897
"3512704",2384
"3512803",38530
"3512902",4683
"3513009",130106
"3513108",20574
"3513207",4754
"3513306",1486
"3513405",51345
"3513504",76442
"3513603",13125
"3513702",20634
"3513801",255178
"3513850",1045
"3513900",7357
"3514007",4577
"3514106",15340
"3514205",1320
"3514304",5599
"3514403",29300
"3514502",7947
"3514601",5207
"3514700",3801
"3514809",7680
"3514908",9858
"3514924",1982
"3514957",1574
"3515004",152715
"3515103",39088
"3515129",1889
"3515152",9523
"3515186",27626
"3515194",2550
"3515202",5354
"3515301",1623
"3515350",5430
"3515400",9642
"3515509",43665
"3515608",3609
"3515657",989
"3515707",105601
"3515806",1036
"3515905",2018
"3516002",8344
"3516101",1770
"3516200",211249
"3516309",92326
"3516408",83394
"3516507",1822
"3516606",4292
"3516705",27562
"3516804",2769
"3516853",2645
"3516903",7042
"3517000",6950
"3517109",2805
"3517208",6817
"3517307",3177
"3517406",24759
"3517505",11874
"3517604",9918
"3517703",11785
"3517802",5389
"3517901",6166
"3518008",1224
"3518107",3733
"3518206",19880
"3518305",16385
"3518404",76038
"3518503",9857
"3518602",21581
"3518701",184534
"3518800",792984
"3518859",4202
"3518909",2870
"3519006",5390
"3519055",7451
"3519071",126604
"3519105",6433
"3519204",3973
"3519253",4250
"3519303",19397
"3519402",7013
"3519501",4150
"3519600",35336
"3519709",43132
"3519808",4722
"3519907",4772
"3520004",15059
"3520103",17856
"3520202",5382
"3520301",16993
"3520400",18095
"3520426",5668
"3520442",16996
"3520509",137105
"3520608",3162
"3520707",2566
"3520806",2286
"3520905",8349
"3521002",18256
"3521101",3739
"3521150",2955
"3521200",2294
"3521309",8892
"3521408",13612
"3521507",4615
"3521606",5264
"3521705",10792
"3521804",15031
"3521903",9606
"3522000",2047
"3522109",53140
"3522158",1657
"3522208",96433
"3522307",92290
"3522406",53440
"3522505",122046
"3522604",45597
"3522653",1980
"3522703",26168
"3522802",8514
"3522901",7762
"3523008",2627
"3523107",195690
"3523206",28765
"3523305",8498
"3523404",68628
"3523503",10895
"3523602",10226
"3523701",3447
"3523800",4768
"3523909",100812
"3524006",29067
"3524105",25263
"3524204",4237
"3524303",47501
"3524402",140869
"3524501",3631
"3524600",10047
"3524709",29654
"3524808",31695
"3524907",3388
"3525003",70057
"3525102",23806
"3525201",15065
"3525300",87660
"3525409",1845
"3525508",7545
"3525607",2478
"3525706",21692
"3525805",2598
"3525854",1753
"3525904",255040
"3526001",12305
"3526100",10771
"3526209",16702
"3526308",2926
"3526407",16394
"3526506",6117
"3526605",4016
"3526704",58062
"3526803",40294
"3526902",186186
"3527009",4359
"3527108",47428
"3527207",54274
"3527256",1371
"3527306",25125
"3527405",13116
"3527504",1403
"3527603",6939
"3527702",3154
"3527801",2639
"3527900",1671
"3528007",10027
"3528106",5034
"3528205",2319
"3528304",2130
"3528403",27765
"3528502",51955
"3528601",5714
"3528700",3290
"3528809",8600
"3528858",1744
"3528908",2528
"3529005",145693
"3529104",1347
"3529203",15641
"3529302",51760
"3529401",276465
"3529500",3072
"3529609",2514
"3529658",1115
"3529708",12525
"3529807",7470
"3529906",11484
"3530003",1817
"3530102",18919
"3530201",10098
"3530300",36769
"3530409",2710
"3530508",43666
"3530607",250632
"3530706",92349
"3530805",58220
"3530904",1955
"3531001",1435
"3531100",29237
"3531209",4774
"3531308",31336
"3531407",14587
"3531506",12179
"3531605",2528
"3531704",2473
"3531803",30655
"3531902",17876
"3532009",7622
"3532058",2765
"3532108",2734
"3532157",1521
"3532207",2547
"3532306",3705
"3532405",10102
"3532504",5929
"3532603",7289
"3532702",2790
"3532801",3807
"3532827",4534
"3532843",1366
"3532868",704
"3532900",5809
"3533007",12354
"3533106",1356
"3533205",1887
"3533254",2751
"3533304",2163
"3533403",34985
"3533502",23623
"3533601",4393
"3533700",2552
"3533809",1662
"3533908",33260
"3534005",2476
"3534104",4007
"3534203",3667
"3534302",26326
"3534401",446555
"3534500",1643
"3534609",21023
"3534708",67569
"3534757",5326
"3534807",4531
"3534906",9052
"3535002",7227
"3535101",6876
"3535200",6150
"3535309",14013
"3535408",8769
"3535507",27165
"3535606",10564
"3535705",3768
"3535804",10699
"3535903",2397
"3536000",6963
"3536109",3375
"3536208",11117
"3536257",1326
"3536307",8108
"3536406",3824
"3536505",55567
"3536570",1090
"3536604",5286
"3536703",25929
"3536802",3502
"3536901",1638
"3537008",9828
"3537107",28300
"3537156",1871
"3537206",5758
"3537305",38316
"3537404",16035
"3537503",4676
"3537602",35951
"3537701",3255
"3537800",32218
"3537909",16194
"3538006",96378
"3538105",9833
"3538204",8427
"3538303",2166
"3538501",9275
"3538600",16020
"3538709",246825
"3538808",17977
"3538907",15337
"3539004",7021
"3539103",9297
"3539202",15831
"3539301",47084
"3539400",7812
"3539509",21341
"3539608",2767
"3539707",1945
"3539806",69794
"3539905",3440
"3540002",13318
"3540101",2255
"3540200",24196
"3540259",2471
"3540309",1555
"3540408",2561
"3540507",5211
"3540606",31782
"3540705",33459
"3540754",13114
"3540804",10226
"3540853",2223
"3540903",11173
"3541000",167366
"3541059",2721
"3541109",2545
"3541208",8775
"3541307",26286
"3541406",140280
"3541505",25134
"3541604",22770
"3541653",1966
"3541703",7905
"3541802",1599
"3541901",7121
"3542008",3797
"3542107",5590
"3542206",18205
"3542305",2279
"3542404",12011
"3542503",5345
"3542602",33418
"3542701",3893
"3542800",1815
"3542909",7304
"3543006",9731
"3543105",2565
"3543204",2802
"3543238",1357
"3543253",4364
"3543303",77472
"3543402",413716
"3543501",3420
"3543600",2182
"3543709",6486
"3543808",6132
"3543907",125503
"3544004",18916
"3544103",28095
"3544202",6598
"3544251",12077
"3544301",6217
"3544400",1703
"3544509",1847
"3544608",3327
"3544707",1438
"3544806",3410
"3544905",7010
"3545001",9435
"3545100",2870
"3545159",4945
"3545209",70712
"3545308",24928
"3545407",5231
"3545506",2150
"3545605",9325
"3545704",3619
"3545803",124449
"3546009",8680
"3546108",1296
"3546207",2644
"3546256",1182
"3546306",18668
"3546405",28296
"3546504",3537
"3546603",19650
"3546702",14142
"3546801",31486
"3546900",5240
"3547007",3311
"3547106",1682
"3547205",1098
"3547304",69878
"3547403",1689
"3547502",17427
"3547601",15534
"3547650",990
"3547700",13138
"3547809",466377
"3547908",4050
"3548005",12840
"3548054",4888
"3548104",3788
"3548203",3938
"3548302",1715
"3548401",2675
"3548500",286182
"3548609",6695
"3548708",526931
"3548807",105347
"3548906",151619
"3549003",1723
"3549102",56478
"3549201",1575
"3549250",1115
"3549300",1314
"3549409",31095
"3549508",4839
"3549607",2328
"3549706",34499
"3549805",285133
"3549904",427434
"3549953",8623
"3550001",6482
"3550100",24533
"3550209",19157
"3550308",7589869
"3550407",20364
"3550506",4316
"3550605",51941
"3550704",46786
"3550803",7561
"3550902",9261
"3551009",216730
"3551108",5362
"3551207",2085
"3551306",2047
"3551405",7378
"3551504",24652
"3551603",17324
"3551702",72951
"3551801",7264
"3551900",9514
"3552007",3433
"3552106",23937
"3552205",395657
"3552304",4808
"3552403",159241
"3552502",166294
"3552551",2060
"3552601",7495
"3552700",9192
"3552809",161074
"3552908",3432
"3553005",6697
"3553104",3517
"3553203",3486
"3553302",14551
"3553401",16078
"3553500",4481
"3553609",8145
"3553658",1719
"3553708",34516
"3553807",13644
"3553856",2909
"3553906",3993
"3553955",8082
"3554003",69050
"3554102",187576
"3554201",2619
"3554300",13097
"3554409",5480
"3554508",24265
"3554607",1589
"3554656",1387
"3554706",6066
"3554755",929
"3554805",27678
"3554904",3478
"3554953",3825
"3555000",41718
"3555109",9948
"3555208",1228
"3555307",1308
"3555356",3207
"3555406",49275
"3555505",2688
"3555604",6220
"3555703",932
"3555802",5744
"3555901",825
"3556008",8454
"3556107",7341
"3556206",74602
"3556305",14793
"3556354",5485
"3556404",25328
"3556453",27536
"3556503",70291
"3556602",6670
"3556701",43979
"3556800",10995
"3556909",4416
"3556958",1083
"3557006",71712
"3557105",58127
"3557154",1536
"3557204",7462
"3557303",6674
"4100103",4360
"4100202",3259
"4100301",4914
"4100400",62429
"4100459",2275
"4100509",12459
"4100608",8338
"4100707",5972
"4100806",6231
"4100905",3030
"4101002",10559
"4101051",1674
"4101101",12616
"4101150",1711
"4101200",10945
"4101309",4500
"4101408",78631
"4101507",69273
"4101606",15578
"4101655",1966
"4101705",8239
"4101804",77174
"4101853",1403
"4101903",10050
"4102000",20982
"4102109",16031
"4102208",2504
"4102307",7310
"4102406",19788
"4102505",7073
"4102604",5892
"4102703",1724
"4102752",2198
"4102802",9149
"4102901",9023
"4103008",2765
"4103024",1648
"4103040",3593
"4103057",4229
"4103107",6233
"4103156",2185
"4103206",3753
"4103222",2235
"4103305",4870
"4103354",3304
"4103370",1794
"4103404",1548
"4103453",9608
"4103479",2490
"4103503",4976
"4103602",14947
"4103701",62812
"4103800",4594
"4103909",8759
"4103958",2256
"4104006",23793
"4104055",2439
"4104105",4018
"4104204",72661
"4104253",15251
"4104303",55803
"4104402",8531
"4104428",8445
"4104451",7255
"4104501",11671
"4104600",9066
"4104659",11522
"4104709",8445
"4104808",187951
"4104907",38750
"4105003",5605
"4105102",6674
"4105201",8353
"4105300",7061
"4105409",12026
"4105508",46335
"4105607",6486
"4105706",9479
"4105805",133657
"4105904",14721
"4106001",4418
"4106100",2155
"4106209",9826
"4106308",10286
"4106407",30752
"4106456",3916
"4106506",13519
"4106555",2154
"4106571",2388
"4106605",12116
"4106704",2833
"4106803",10824
"4106852",1841
"4106902",1213821
"4107009",7849
"4107108",3285
"4107124",1709
"4107157",2732
"4107207",23123
"4107256",4614
"4107306",3798
"4107405",3730
"4107504",8694
"4107520",1206
"4107538",2635
"4107546",2469
"4107553",1919
"4107603",9371
"4107652",49729
"4107702",2773
"4107736",3321
"4107751",4740
"4107801",3329
"4107850",2697
"4107900",3851
"4108007",6764
"4108106",1577
"4108205",4826
"4108304",159492
"4108320",3505
"4108403",51230
"4108452",2928
"4108502",7411
"4108551",1880
"4108601",18022
"4108650",3879
"4108700",3636
"4108809",18371
"4108908",3546
"4108957",4740
"4109005",2255
"4109104",1322
"4109203",3116
"4109302",8350
"4109401",102914
"4109500",4109
"4109609",19419
"4109658",3412
"4109708",16847
"4109757",3360
"4109807",30476
"4109906",5232
"4110003",2490
"4110052",1309
"4110078",5792
"4110102",17007
"4110201",5863
"4110300",1731
"4110409",2656
"4110508",8229
"4110607",8895
"4110656",1534
"4110706",36114
"4110805",5649
"4110904",2652
"4110953",5609
"4111001",3788
"4111100",3691
"4111209",6580
"4111258",13220
"4111308",1908
"4111407",7424
"4111506",19529
"4111555",4628
"4111605",1749
"4111704",2900
"4111803",24027
"4111902",7498
"4112009",19638
"4112108",13029
"4112207",3701
"4112306",2810
"4112405",5492
"4112504",6983
"4112603",824
"4112702",6881
"4112751",5523
"4112801",6730
"4112900",1921
"4112959",4653
"4113007",4145
"4113106",2825
"4113205",28267
"4113254",3018
"4113304",18051
"4113403",2513
"4113429",2250
"4113452",3036
"4113502",13277
"4113601",2709
"4113700",337356
"4113734",4003
"4113759",2976
"4113809",2767
"4113908",8433
"4114005",8482
"4114104",12365
"4114203",20817
"4114302",13331
"4114351",1687
"4114401",9715
"4114500",7280
"4114609",31252
"4114708",3490
"4114807",20805
"4114906",5221
"4115002",3987
"4115101",5423
"4115200",249685
"4115309",3893
"4115358",3801
"4115408",8470
"4115457",2682
"4115507",2750
"4115606",9961
"4115705",18522
"4115739",2029
"4115754",4718
"4115804",27040
"4115853",3238
"4115903",1307
"4116000",1193
"4116059",6732
"4116109",7119
"4116208",9291
"4116307",2230
"4116406",2336
"4116505",846
"4116604",2013
"4116703",7718
"4116802",3856
"4116901",16455
"4116950",2968
"4117008",4666
"4117057",5832
"4117107",8002
"4117206",3290
"4117214",2117
"4117222",4970
"4117255",6300
"4117271",3979
"4117297",1752
"4117305",11974
"4117404",2100
"4117453",3399
"4117503",22589
"4117602",23521
"4117701",20051
"4117800",7567
"4117909",18715
"4118006",7275
"4118105",6062
"4118204",87497
"4118303",1606
"4118402",52237
"4118451",3215
"4118501",47577
"4118600",3421
"4118709",4497
"4118808",8253
"4118857",3455
"4118907",6518
"4119004",4125
"4119103",7100
"4119152",77273
"4119202",3697
"4119251",1498
"4119301",15824
"4119400",14070
"4119509",57281
"4119608",19141
"4119657",1680
"4119707",2379
"4119806",8397
"4119905",197152
"4119954",13265
"4120002",8930
"4120101",2762
"4120150",2165
"4120200",1476
"4120309",2430
"4120333",2005
"4120358",3475
"4120408",2848
"4120507",6793
"4120606",29507
"4120655",2826
"4120705",4478
"4120804",12619
"4120853",2515
"4120903",17332
"4121000",6513
"4121109",2859
"4121208",10365
"4121257",2191
"4121307",2433
"4121356",1636
"4121406",10207
"4121505",8580
"4121604",4040
"4121703",13233
"4121752",3701
"4121802",6740
"4121901",7479
"4122008",8931
"4122107",2055
"4122156",7235
"4122172",2070
"4122206",17403
"4122305",19660
"4122404",37758
"4122503",6523
"4122602",5463
"4122651",2936
"4122701",3801
"4122800",2517
"4122909",3051
"4123006",8219
"4123105",2209
"4123204",2030
"4123303",4737
"4123402",6646
"4123501",14519
"4123600",1097
"4123709",5263
"4123808",7749
"4123824",2229
"4123857",6140
"4123907",7350
"4123956",2030
"4124004",2951
"4124020",6178
"4124053",12978
"4124103",25787
"4124202",1592
"4124301",1411
"4124400",10645
"4124509",3305
"4124608",3810
"4124707",5942
"4124806",6686
"4124905",3307
"4125001",6669
"4125100",8109
"4125209",5744
"4125308",3502
"4125357",3638
"4125407",3748
"4125456",2276
"4125506",171011
"4125555",1261
"4125605",26052
"4125704",15586
"4125753",3803
"4125803",6186
"4125902",1462
"4126009",4935
"4126108",3372
"4126207",3534
"4126256",51809
"4126272",2922
"4126306",10376
"4126355",3059
"4126405",3653
"4126504",9924
"4126603",11299
"4126652",2051
"4126678",6502
"4126702",2896
"4126801",8661
"4126900",3482
"4127007",6174
"4127106",43023
"4127205",9881
"4127304",9222
"4127403",10307
"4127502",10303
"4127601",8431
"4127700",78958
"4127809",5158
"4127858",6670
"4127882",2969
"4127908",5236
"4127957",5127
"4127965",7802
"4128005",13413
"4128104",66611
"4128203",32994
"4128302",1486
"4128401",6928
"4128500",11310
"4128534",5329
"4128559",5347
"4128609",4842
"4128625",1777
"4128633",2821
"4128658",2396
"4128708",3982
"4128807",3634
"4200051",1630
"4200101",9476
"4200200",5994
"4200309",3121
"4200408",4117
"4200507",3932
"4200556",1518
"4200606",3636
"4200705",5741
"4200754",1312
"4200804",3914
"4200903",3177
"4201000",4902
"4201109",1941
"4201208",4880
"4201257",6074
"4201273",2783
"4201307",14774
"4201406",40031
"4201505",5010
"4201604",2355
"4201653",1394
"4201703",4930
"4201802",2130
"4201901",3498
"4201950",6202
"4202008",77614
"4202057",5364
"4202073",5185
"4202081",1766
"4202099",1087
"4202107",13920
"4202131",3673
"4202156",1613
"4202206",6849
"4202305",37619
"4202404",217041
"4202438",1877
"4202453",9512
"4202503",2621
"4202537",1512
"4202578",1306
"4202602",5059
"4202701",3060
"4202800",19110
"4202859",2338
"4202875",1650
"4202909",73888
"4203006",43680
"4203105",3893
"4203154",1670
"4203204",39397
"4203253",1624
"4203303",7371
"4203402",4290
"4203501",5062
"4203600",20321
"4203709",6560
"4203808",33708
"4203907",13472
"4203956",14389
"4204004",5994
"4204103",2715
"4204152",1677
"4204178",1952
"4204194",1626
"4204202",121429
"4204251",10575
"4204301",46780
"4204350",2555
"4204400",6510
"4204459",1410
"4204509",9241
"4204558",8840
"4204608",131458
"4204707",7073
"4204756",1243
"4204806",22516
"4204905",5669
"4205001",8510
"4205100",2317
"4205159",2259
"4205175",1575
"4205191",1293
"4205209",2751
"4205308",6721
"4205357",942
"4205407",301938
"4205431",1616
"4205456",14947
"4205506",21215
"4205555",1462
"4205605",1967
"4205704",11711
"4205803",8883
"4205902",39445
"4206009",8528
"4206108",4131
"4206207",6933
"4206306",12594
"4206405",6929
"4206504",23342
"4206603",3165
"4206652",2804
"4206702",13967
"4206751",1283
"4206801",2171
"4206900",11176
"4207007",38776
"4207106",7779
"4207205",6792
"4207304",26466
"4207403",3517
"4207502",36751
"4207577",1829
"4207601",3080
"4207650",5549
"4207684",3432
"4207700",4811
"4207759",2663
"4207809",5904
"4207858",1250
"4207908",6241
"4208005",4117
"4208104",12323
"4208203",122359
"4208302",31082
"4208401",10184
"4208450",9592
"4208500",14123
"4208609",2635
"4208708",6636
"4208807",11197
"4208906",100561
"4208955",1099
"4209003",18392
"4209102",352038
"4209151",2738
"4209177",1288
"4209201",1430
"4209300",99960
"4209409",33344
"4209458",971
"4209508",4020
"4209607",9267
"4209706",6301
"4209805",2060
"4209854",3083
"4209904",6483
"4210001",6600
"4210035",3885
"4210050",1093
"4210100",34325
"4210209",2000
"4210308",4566
"4210407",4135
"4210506",14602
"4210555",1367
"4210605",9828
"4210704",1505
"4210803",4574
"4210852",1502
"4210902",2533
"4211009",6892
"4211058",4964
"4211108",4897
"4211207",10364
"4211256",1883
"4211306",38551
"4211405",2759
"4211454",2568
"4211504",8279
"4211603",8786
"4211652",1606
"4211702",14184
"4211751",10014
"4211801",4888
"4211850",1325
"4211876",1073
"4211892",1390
"4211900",90707
"4212007",4503
"4212056",1353
"4212106",10344
"4212205",10745
"4212239",2433
"4212254",4109
"4212270",2508
"4212304",4003
"4212403",2773
"4212502",16320
"4212601",1994
"4212700",3822
"4212809",10751
"4212908",10719
"4213005",2040
"4213104",3196
"4213153",1598
"4213203",19550
"4213302",2782
"4213351",1860
"4213401",6468
"4213500",10418
"4213609",21141
"4213708",9338
"4213807",4508
"4213906",1160
"4214003",9831
"4214102",1346
"4214151",1695
"4214201",6459
"4214300",1790
"4214409",3836
"4214508",3939
"4214607",4553
"4214706",6888
"4214805",41348
"4214904",3094
"4215000",24715
"4215059",1474
"4215075",2929
"4215109",7534
"4215208",3316
"4215307",4709
"4215356",2136
"4215406",2720
"4215455",6119
"4215505",9026
"4215554",1479
"4215604",1382
"4215653",5044
"4215679",5355
"4215687",1654
"4215695",900
"4215703",13221
"4215752",1506
"4215802",50116
"4215901",2022
"4216008",6986
"4216057",2954
"4216107",5823
"4216206",27068
"4216255",4195
"4216305",17298
"4216354",2061
"4216404",4393
"4216503",15922
"4216602",146258
"4216701",8783
"4216800",5285
"4216909",13830
"4217006",7196
"4217105",2093
"4217154",1159
"4217204",24718
"4217253",3354
"4217303",5974
"4217402",10273
"4217501",11420
"4217550",2125
"4217600",8616
"4217709",16833
"4217758",1604
"4217808",11176
"4217907",5562
"4217956",1092
"4218004",19898
"4218103",3336
"4218202",25684
"4218251",3816
"4218301",10702
"4218350",2480
"4218400",4546
"4218509",4186
"4218608",4301
"4218707",67529
"4218756",3072
"4218806",7805
"4218855",1817
"4218905",6690
"4218954",1586
"4219002",14060
"4219101",2117
"4219150",1685
"4219176",2875
"4219200",3754
"4219309",30874
"4219358",3000
"4219408",2276
"4219507",28639
"4219606",2729
"4219705",16737
"4219853",1922
"4300034",2730
"4300059",2386
"4300109",10813
"4300208",4727
"4300307",4495
"4300406",49143
"4300455",2642
"4300471",1442
"4300505",4835
"4300554",1189
"4300570",1989
"4300604",122583
"4300638",3663
"4300646",4404
"4300661",779
"4300703",4103
"4300802",8760
"4300851",2258
"4300877",3130
"4300901",4484
"4301008",13172
"4301057",4965
"4301073",1765
"4301107",8562
"4301206",8066
"4301305",11277
"4301404",6381
"4301503",4720
"4301552",2428
"4301602",74100
"4301636",6639
"4301651",3952
"4301701",4312
"4301750",4206
"4301800",3290
"4301859",1835
"4301875",2323
"4301909",7763
"4301925",1345
"4301958",1603
"4302006",6088
"4302055",1126
"4302105",76616
"4302154",1290
"4302204",4544
"4302220",1596
"4302238",1595
"4302253",1888
"4302303",6714
"4302352",8281
"4302378",1417
"4302402",7688
"4302451",4546
"4302501",4251
"4302584",1441
"4302600",2112
"4302659",3172
"4302709",12316
"4302808",20854
"4302907",8316
"4303004",52756
"4303103",79585
"4303202",2870
"4303301",3167
"4303400",3286
"4303509",39621
"4303558",1688
"4303608",4061
"4303673",2091
"4303707",4203
"4303806",3640
"4303905",41105
"4304002",3151
"4304101",2242
"4304200",18850
"4304309",4452
"4304358",5419
"4304408",25154
"4304507",32695
"4304606",215975
"4304614",1200
"4304622",1067
"4304630",26775
"4304655",1992
"4304663",14849
"4304671",2490
"4304689",7149
"4304697",1717
"4304705",38900
"4304713",4389
"4304804",17893
"4304853",1074
"4304903",6042
"4304952",1810
"4305009",6149
"4305108",302862
"4305116",1980
"4305124",3812
"4305132",2708
"4305157",1402
"4305173",6036
"4305207",8742
"4305306",6434
"4305355",24404
"4305371",1856
"4305405",2556
"4305439",3704
"4305447",3000
"4305454",7951
"4305504",3134
"4305587",1631
"4305603",2425
"4305702",4171
"4305801",6192
"4305835",985
"4305850",1617
"4305871",1650
"4305900",4559
"4305934",1133
"4305959",2643
"4305975",1788
"4306007",9077
"4306056",4315
"4306072",1707
"4306106",40093
"4306130",1395
"4306205",8256
"4306304",3070
"4306320",1924
"4306353",1674
"4306379",1729
"4306403",19657
"4306429",1216
"4306452",2277
"4306502",8173
"4306551",1756
"4306601",24132
"4306700",2143
"4306734",3425
"4306759",1315
"4306767",21502
"4306809",14055
"4306908",14427
"4306924",872
"4306932",5743
"4306957",1863
"4306973",1841
"4307005",65381
"4307054",2006
"4307104",4023
"4307203",3129
"4307302",4641
"4307401",1905
"4307450",2057
"4307500",9741
"4307559",4031
"4307609",29195
"4307708",54887
"4307807",21004
"4307815",2338
"4307831",1780
"4307864",1783
"4307906",44358
"4308003",4386
"4308052",1536
"4308078",2352
"4308102",8772
"4308201",19164
"4308250",1382
"4308300",5680
"4308409",4224
"4308433",1696
"4308458",2946
"4308508",19219
"4308607",22022
"4308656",1897
"4308706",3902
"4308805",5030
"4308854",1111
"4308904",10827
"4309001",10717
"4309050",4308
"4309100",22228
"4309126",1327
"4309159",2278
"4309209",169624
"4309258",1092
"4309308",62737
"4309407",15791
"4309506",5322
"4309555",2893
"4309571",1756
"4309605",12623
"4309654",3469
"4309704",3346
"4309753",2741
"4309803",3167
"4309902",4684
"4309951",2470
"4310009",13083
"4310108",20978
"4310207",52369
"4310306",2639
"4310330",11567
"4310363",2093
"4310405",4102
"4310413",1332
"4310439",3923
"4310462",1356
"4310504",4960
"4310538",3206
"4310553",2105
"4310579",1395
"4310603",23395
"4310652",1544
"4310702",2569
"4310751",1442
"4310801",14117
"4310850",2364
"4310876",1478
"4310900",2389
"4311007",17629
"4311106",7529
"4311122",2334
"4311130",2237
"4311155",5091
"4311205",12214
"4311239",1589
"4311254",3186
"4311270",1118
"4311304",17116
"4311403",49833
"4311429",1321
"4311502",4599
"4311601",3512
"4311627",3535
"4311643",1109
"4311700",3312
"4311718",2841
"4311734",1852
"4311759",4222
"4311775",4277
"4311791",1693
"4311809",25296
"4311908",3284
"4311981",2444
"4312005",1461
"4312054",2661
"4312104",3202
"4312138",1570
"4312153",2557
"4312179",1120
"4312203",3015
"4312252",4550
"4312302",2858
"4312351",1068
"4312377",1772
"4312385",1909
"4312401",39497
"4312427",1669
"4312443",2135
"4312450",3985
"4312476",4061
"4312500",7239
"4312609",3219
"4312617",1836
"4312625",1143
"4312658",11012
"4312674",1139
"4312708",7065
"4312757",2047
"4312807",2842
"4312906",6001
"4312955",1346
"4313003",2147
"4313011",1970
"4313037",3105
"4313060",11951
"4313086",1689
"4313102",4214
"4313201",13306
"4313300",15830
"4313334",1602
"4313359",2207
"4313375",14263
"4313391",2484
"4313409",160006
"4313425",2592
"4313441",1368
"4313466",1174
"4313490",2495
"4313508",26689
"4313607",2680
"4313656",7030
"4313706",20930
"4313805",4431
"4313904",25833
"4313953",5774
"4314001",4759
"4314027",4787
"4314035",2425
"4314050",32719
"4314068",2968
"4314076",4003
"4314100",122718
"4314134",1442
"4314159",5249
"4314175",1307
"4314209",4772
"4314308",2600
"4314407",217003
"4314423",3609
"4314456",1577
"4314464",1283
"4314472",2780
"4314498",2730
"4314506",7918
"4314555",1656
"4314605",11844
"4314704",6252
"4314753",1351
"4314779",2464
"4314787",1197
"4314803",20115
"4314902",966380
"4315008",3490
"4315057",1635
"4315073",1179
"4315107",6368
"4315131",1171
"4315149",1735
"4315156",3770
"4315172",1351
"4315206",2658
"4315305",14066
"4315313",1078
"4315321",1671
"4315354",2448
"4315404",4814
"4315453",1386
"4315503",10021
"4315552",2046
"4315602",128017
"4315701",23554
"4315750",2665
"4315800",6921
"4315909",3644
"4315958",1608
"4316006",12393
"4316105",6478
"4316204",3679
"4316303",4595
"4316402",24264
"4316428",1505
"4316436",1986
"4316451",7178
"4316477",1912
"4316501",4657
"4316600",10522
"4316709",5619
"4316733",1097
"4316758",3934
"4316808",81287
"4316907",175743
"4316956",4401
"4316972",1381
"4317004",4758
"4317103",51187
"4317202",46460
"4317251",1157
"4317301",19120
"4317400",32054
"4317509",49233
"4317558",1406
"4317608",24891
"4317707",6693
"4317756",1285
"4317806",8844
"4317905",9921
"4317954",1637
"4318002",38591
"4318051",2013
"4318101",12024
"4318200",12395
"4318309",37039
"4318408",13714
"4318424",3185
"4318432",1697
"4318440",1924
"4318457",1633
"4318465",1220
"4318481",2854
"4318499",1550
"4318507",14450
"4318606",4530
"4318614",1427
"4318622",2020
"4318705",142127
"4318804",28103
"4318903",21892
"4319000",13778
"4319109",3846
"4319125",1973
"4319158",4526
"4319208",3262
"4319307",4064
"4319356",2263
"4319364",1084
"4319372",1954
"4319406",10491
"4319505",14495
"4319604",14998
"4319703",2300
"4319711",1495
"4319737",1449
"4319752",1350
"4319802",5221
"4319901",48738
"4320008",86628
"4320107",14040
"4320206",6747
"4320230",1858
"4320263",4303
"4320305",3326
"4320321",1860
"4320354",3271
"4320404",9790
"4320453",1428
"4320503",4130
"4320552",3691
"4320578",1421
"4320602",2496
"4320651",1592
"4320677",6272
"4320701",9106
"4320800",18395
"4320859",2596
"4320909",13290
"4321006",6824
"4321105",10149
"4321204",35122
"4321303",16631
"4321329",1894
"4321352",3134
"4321402",8043
"4321436",6124
"4321451",19089
"4321469",1792
"4321477",3897
"4321493",1985
"4321501",22870
"4321600",26119
"4321626",1553
"4321634",1944
"4321667",6746
"4321709",15701
"4321808",15893
"4321832",1691
"4321857",2605
"4321907",15912
"4321956",3396
"4322004",15858
"4322103",3989
"4322152",2580
"4322186",971
"4322202",13939
"4322251",2746
"4322301",5749
"4322327",2232
"4322343",1551
"4322350",1032
"4322376",1457
"4322400",77187
"4322509",38315
"4322525",2000
"4322533",7132
"4322541",3576
"4322558",1345
"4322608",43856
"4322707",15681
"4322806",16040
"4322855",1314
"4322905",3450
"4323002",151760
"4323101",3067
"4323200",2006
"4323309",2296
"4323358",1409
"4323408",2890
"4323457",2646
"4323507",1772
"4323606",1099
"4323705",1785
"4323754",2131
"4323770",1966
"4323804",7841
"5000203",8378
"5000252",2783
"5000609",19005
"5000708",13163
"5000807",4764
"5000856",5444
"5000906",4052
"5001003",13658
"5001102",26180
"5001243",4940
"5001508",3916
"5001904",11917
"5002001",6183
"5002100",12811
"5002159",4469
"5002209",11608
"5002308",6975
"5002407",14276
"5002605",8233
"5002704",515617
"5002803",3137
"5002902",12898
"5002951",12590
"5003108",2802
"5003157",6520
"5003207",60834
"5003256",12295
"5003306",19220
"5003454",7050
"5003488",5660
"5003504",3061
"5003702",124354
"5003751",6552
"5003801",11812
"5003900",1734
"5004007",5994
"5004106",5668
"5004304",8158
"5004403",4448
"5004502",11219
"5004601",9726
"5004700",13895
"5004809",3008
"5004908",3797
"5005004",14134
"5005103",2356
"5005152",2951
"5005202",11119
"5005251",3484
"5005400",22802
"5005608",13577
"5005681",10030
"5005707",28148
"5005806",7827
"5006002",9824
"5006200",28093
"5006259",2822
"5006309",24480
"5006358",5054
"5006408",4459
"5006606",43660
"5006903",8336
"5007109",12225
"5007208",18332
"5007307",2930
"5007406",10868
"5007505",3026
"5007554",4124
"5007695",13983
"5007703",5421
"5007802",3688
"5007901",24656
"5007935",8295
"5007950",4563
"5007976",1974
"5008008",10440
"5008305",64711
"5008404",3388
"5100102",2635
"5100201",12976
"5100250",29622
"5100300",9579
"5100359",2727
"5100409",6280
"5100508",5546
"5100607",4885
"5100805",4757
"5101001",1933
"5101209",611
"5101258",9172
"5101308",5973
"5101407",10516
"5101605",4014
"5101704",17489
"5101803",34961
"5101852",3078
"5101902",8907
"5102504",50458
"5102603",5671
"5102637",17210
"5102678",19579
"5102686",3132
"5102694",2652
"5102702",10827
"5102793",5921
"5102850",4624
"5103007",10151
"5103056",6287
"5103106",3080
"5103205",18544
"5103254",14466
"5103304",10045
"5103353",14027
"5103361",1949
"5103379",8375
"5103403",364079
"5103437",2681
"5103452",4412
"5103502",12400
"5103601",4564
"5103700",5811
"5103809",2240
"5103858",2977
"5103908",2606
"5103957",1828
"5104104",19965
"5104203",8249
"5104500",1293
"5104526",3157
"5104542",3089
"5104559",2527
"5104609",7168
"5104807",15246
"5104906",3625
"5105002",5409
"5105101",18942
"5105150",23273
"5105176",6231
"5105200",6749
"5105234",2918
"5105259",30296
"5105309",1195
"5105507",7662
"5105580",6661
"5105606",8200
"5105622",15062
"5105903",8271
"5106000",3684
"5106109",5670
"5106158",7116
"5106174",1317
"5106182",2998
"5106190",1919
"5106208",2357
"5106216",6938
"5106224",20397
"5106232",9482
"5106240",5541
"5106257",11850
"5106265",4101
"5106273",2111
"5106281",3362
"5106299",6322
"5106307",11251
"5106315",1102
"5106372",8986
"5106422",15671
"5106455",1445
"5106505",16724
"5106653",3328
"5106703",976
"5106752",24352
"5106778",6026
"5106802",3100
"5106828",5981
"5106851",1628
"5107008",9536
"5107040",33458
"5107065",7627
"5107107",11537
"5107156",1374
"5107180",4986
"5107198",1261
"5107206",2937
"5107248",2344
"5107263",1688
"5107297",2083
"5107305",9837
"5107354",2783
"5107404",2200
"5107578",1773
"5107602",124220
"5107701",9450
"5107743",1096
"5107750",2168
"5107768",1554
"5107776",3632
"5107792",2093
"5107800",10345
"5107859",5951
"5107875",11391
"5107883",767
"5107909",71039
"5107925",41283
"5107941",5907
"5107958",51501
"5108006",6806
"5108055",6540
"5108105",2013
"5108204",2530
"5108303",2001
"5108352",1744
"5108402",158805
"5108501",5947
"5108600",12004
"5108808",2824
"5108857",1676
"5108907",3666
"5108956",4673
"5200050",4207
"5200100",9332
"5200134",11512
"5200159",1473
"5200175",2792
"5200209",1279
"5200258",90196
"5200308",13731
"5200506",1223
"5200555",2585
"5200605",3777
"5200803",4163
"5200829",1912
"5200852",3219
"5200902",2072
"5201108",214321
"5201207",694
"5201306",12832
"5201405",288588
"5201454",1461
"5201504",2267
"5201603",2206
"5201702",11378
"5201801",5038
"5202155",4203
"5202353",1999
"5202502",4167
"5202601",2213
"5202809",1455
"5203104",2047
"5203203",5059
"5203302",15244
"5203401",4762
"5203500",12641
"5203559",4403
"5203575",1793
"5203609",1972
"5203807",3102
"5203906",5569
"5203939",1543
"5203962",1746
"5204003",4060
"5204102",6629
"5204201",819
"5204250",4906
"5204300",8504
"5204409",9903
"5204508",44760
"5204557",2056
"5204607",1992
"5204656",2122
"5204706",6569
"5204805",3612
"5204854",3427
"5204904",9781
"5204953",2625
"5205000",5501
"5205059",1860
"5205109",57983
"5205208",2806
"5205307",3921
"5205406",13413
"5205455",4640
"5205471",4390
"5205497",33642
"5205513",9904
"5205521",1884
"5205703",1615
"5205802",5792
"5205901",5073
"5206206",26553
"5206305",1818
"5206404",9511
"5206503",2146
"5206602",1852
"5206701",1838
"5206800",1716
"5206909",1238
"5207105",1534
"5207253",4465
"5207352",2259
"5207402",6774
"5207501",1935
"5207535",3915
"5207600",3736
"5207808",7357
"5207907",6282
"5208004",59021
"5208103",2867
"5208152",1892
"5208301",2466
"5208400",6034
"5208509",3334
"5208608",36722
"5208707",891333
"5208806",20487
"5208905",14898
"5209101",20318
"5209150",2695
"5209200",8343
"5209291",1518
"5209408",2176
"5209457",1410
"5209606",2113
"5209705",10843
"5209804",2415
"5209903",5948
"5209937",3088
"5209952",8004
"5210000",30147
"5210109",14956
"5210158",1695
"5210208",19604
"5210307",1815
"5210406",21903
"5210562",2651
"5210604",3213
"5210802",3029
"5210901",10711
"5211008",4406
"5211206",15971
"5211305",3799
"5211404",5379
"5211503",60083
"5211602",1644
"5211701",3714
"5211800",24983
"5211909",55051
"5212006",1670
"5212055",1285
"5212105",4303
"5212204",11411
"5212253",791
"5212303",4591
"5212501",100178
"5212600",1485
"5212709",3346
"5212808",6057
"5212907",1213
"5212956",2496
"5213004",6395
"5213053",1460
"5213087",18119
"5213103",33266
"5213400",1067
"5213509",3598
"5213707",4816
"5213756",6608
"5213772",2171
"5213806",26091
"5213855",1399
"5213905",2984
"5214002",7840
"5214051",3403
"5214101",2109
"5214408",4754
"5214507",15279
"5214606",24663
"5214705",1294
"5214804",1289
"5214838",6395
"5214861",4817
"5214879",1686
"5214903",1745
"5215009",5090
"5215207",2163
"5215231",54464
"5215256",2109
"5215306",9240
"5215405",2459
"5215504",3545
"5215603",14542
"5215652",2219
"5215702",14651
"5215801",1389
"5215900",2264
"5216007",1536
"5216304",5495
"5216403",6464
"5216452",1681
"5216809",6573
"5216908",1728
"5217104",14654
"5217203",6763
"5217302",13652
"5217401",18407
"5217609",45293
"5217708",10103
"5218003",25315
"5218052",1920
"5218102",2220
"5218300",17157
"5218391",1902
"5218508",27055
"5218607",6741
"5218706",2562
"5218789",2132
"5218805",114206
"5218904",11591
"5219001",4561
"5219100",3399
"5219209",1898
"5219258",2833
"5219308",22326
"5219357",2215
"5219407",4205
"5219456",1713
"5219506",1752
"5219605",2242
"5219704",6008
"5219712",2402
"5219738",2898
"5219753",35245
"5219803",5356
"5219902",3434
"5220009",5455
"5220058",1026
"5220108",19097
"5220157",2581
"5220207",13313
"5220264",2263
"5220280",1213
"5220405",10458
"5220454",51224
"5220504",4449
"5220603",11801
"5220686",3288
"5220702",1336
"5221007",2264
"5221080",1498
"5221197",3694
"5221304",1846
"5221403",64403
"5221452",1888
"5221502",2960
"5221551",2323
"5221577",1535
"5221601",22378
"5221700",8340
"5221809",1915
"5221858",83155
"5221908",2142
"5222005",7673
"5222054",4385
"5222203",2456
"5222302",2682
"5300108",1696182
