01120,AC
01570,AC
01058,AC
01007,AC
01015,AC
01074,AC
01112,AC
01139,AC
01104,AC
01554,AC
01040,AC
01090,AC
01511,AC
01023,AC
01066,AC
01392,AC
01082,AC
01031,AC
01457,AC
01538,AC
01473,AC
01490,AC
27030,AL
27057,AL
27073,AL
27090,AL
27111,AL
27138,AL
27170,AL
27154,AL
27197,AL
27219,AL
27235,AL
27251,AL
27081,AL
27278,AL
27294,AL
27316,AL
27332,AL
27359,AL
27375,AL
27391,AL
27413,AL
27430,AL
27456,AL
28894,AL
27472,AL
27499,AL
27049,AL
27510,AL
27537,AL
27553,AL
27570,AL
27596,AL
27618,AL
27634,AL
27650,AL
27677,AL
27693,AL
27715,AL
27731,AL
27065,AL
27758,AL
27774,AL
27790,AL
27812,AL
27839,AL
27855,AL
27871,AL
27979,AL
27898,AL
27910,AL
27936,AL
27952,AL
27995,AL
28010,AL
28037,AL
28053,AL
28070,AL
28096,AL
28118,AL
28134,AL
28150,AL
28177,AL
28193,AL
28215,AL
28231,AL
28258,AL
27022,AL
27006,AL
28290,AL
28312,AL
28339,AL
28355,AL
28371,AL
28398,AL
28410,AL
28452,AL
28479,AL
28495,AL
28436,AL
28274,AL
28517,AL
28533,AL
28550,AL
28576,AL
28592,AL
28614,AL
28770,AL
28916,AL
28630,AL
28657,AL
28673,AL
28690,AL
28711,AL
28738,AL
28754,AL
28797,AL
28819,AL
28932,AL
28835,AL
28851,AL
28878,AL
27014,AL
02895,AM
02917,AM
02933,AM
02038,AM
02003,AM
02054,AM
02070,AM
02097,AM
02119,AM
02135,AM
02950,AM
02976,AM
02151,AM
02178,AM
02992,AM
02194,AM
02216,AM
02232,AM
02046,AM
02259,AM
02275,AM
02291,AM
02313,AM
02330,AM
02020,AM
02356,AM
02399,AM
98353,AM
02410,AM
98370,AM
02437,AM
02453,AM
02470,AM
02496,AM
02518,AM
02534,AM
98396,AM
02550,AM
02577,AM
02593,AM
02615,AM
02631,AM
02658,AM
02011,AM
02674,AM
02690,AM
02712,AM
98418,AM
98434,AM
02372,AM
02739,AM
02771,AM
02836,AM
02755,AM
98450,AM
98477,AM
02798,AM
02810,AM
98515,AM
98493,AM
02852,AM
02879,AM
06017,AP
06033,AP
06068,AP
06114,AP
06041,AP
06130,AP
06050,AP
06076,AP
06092,AP
06025,AP
06009,AP
06157,AP
06106,AP
06173,AP
06122,AP
06084,AP
33030,BA
33014,BA
33057,BA
33065,BA
33111,BA
33138,BA
33154,BA
33170,BA
33197,BA
33219,BA
30716,BA
33235,BA
33251,BA
33260,BA
33278,BA
33294,BA
33316,BA
33332,BA
33359,BA
33375,BA
33405,BA
33391,BA
33413,BA
33430,BA
30732,BA
33456,BA
33383,BA
33472,BA
33499,BA
33510,BA
33529,BA
33537,BA
33553,BA
33570,BA
33596,BA
33618,BA
33634,BA
30759,BA
33650,BA
30775,BA
33677,BA
33693,BA
33715,BA
33731,BA
33758,BA
33774,BA
33782,BA
33790,BA
33804,BA
33812,BA
33839,BA
33871,BA
33855,BA
33898,BA
33910,BA
33936,BA
30791,BA
33952,BA
33960,BA
33979,BA
33995,BA
34010,BA
34029,BA
34037,BA
34053,BA
34070,BA
34096,BA
34118,BA
34150,BA
34134,BA
34177,BA
34193,BA
34231,BA
34258,BA
34274,BA
34290,BA
34312,BA
34355,BA
30856,BA
34215,BA
30813,BA
30830,BA
34371,BA
34363,BA
34398,BA
34410,BA
34436,BA
34452,BA
34479,BA
34495,BA
34509,BA
34517,BA
34533,BA
34576,BA
34592,BA
34614,BA
34630,BA
34657,BA
34673,BA
34690,BA
34711,BA
34738,BA
34754,BA
34770,BA
34797,BA
34819,BA
34835,BA
34851,BA
34878,BA
34894,BA
34932,BA
34916,BA
34959,BA
34975,BA
34339,BA
34550,BA
30872,BA
35017,BA
35033,BA
34991,BA
35050,BA
35076,BA
35092,BA
35114,BA
35130,BA
30058,BA
35149,BA
35157,BA
30910,BA
35173,BA
35190,BA
35211,BA
30899,BA
35238,BA
30937,BA
35254,BA
35270,BA
35297,BA
35319,BA
30953,BA
35335,BA
35351,BA
30970,BA
35378,BA
35394,BA
35416,BA
35432,BA
35459,BA
35475,BA
35513,BA
35530,BA
35556,BA
35572,BA
35599,BA
35610,BA
35637,BA
35653,BA
35670,BA
35696,BA
35700,BA
35718,BA
35734,BA
35750,BA
35777,BA
35793,BA
35815,BA
35831,BA
35858,BA
35874,BA
35890,BA
35912,BA
35939,BA
35947,BA
35955,BA
35971,BA
35998,BA
36013,BA
36030,BA
36056,BA
36072,BA
36080,BA
36099,BA
36110,BA
36137,BA
36153,BA
36170,BA
36196,BA
36218,BA
36234,BA
36277,BA
36293,BA
36315,BA
36331,BA
36250,BA
36358,BA
36374,BA
36382,BA
36390,BA
36412,BA
36439,BA
36455,BA
36471,BA
30660,BA
30678,BA
36498,BA
36510,BA
36536,BA
36552,BA
36579,BA
36595,BA
36617,BA
36633,BA
36650,BA
36676,BA
30996,BA
36692,BA
36706,BA
36714,BA
30694,BA
36730,BA
36757,BA
36765,BA
36773,BA
36811,BA
36820,BA
36790,BA
36838,BA
39730,BA
36854,BA
36870,BA
36897,BA
36919,BA
30007,BA
36935,BA
36951,BA
36978,BA
36994,BA
39748,BA
39756,BA
37010,BA
37036,BA
37052,BA
37079,BA
37095,BA
39772,BA
37117,BA
37133,BA
37150,BA
37176,BA
37192,BA
37214,BA
37222,BA
37230,BA
37257,BA
37273,BA
37290,BA
37303,BA
37311,BA
37338,BA
37354,BA
37370,BA
37397,BA
37419,BA
37427,BA
37435,BA
37451,BA
37460,BA
37478,BA
37494,BA
37516,BA
37532,BA
39799,BA
37559,BA
37567,BA
39969,BA
37575,BA
37583,BA
37591,BA
37613,BA
39942,BA
37621,BA
37630,BA
37656,BA
37672,BA
37680,BA
37699,BA
37710,BA
37737,BA
37753,BA
37770,BA
37796,BA
37818,BA
37850,BA
37834,BA
37877,BA
37893,BA
37915,BA
37931,BA
39837,BA
37940,BA
37958,BA
37974,BA
37990,BA
38016,BA
38059,BA
38067,BA
38075,BA
38091,BA
38032,BA
38113,BA
38130,BA
38156,BA
38164,BA
39810,BA
38172,BA
38199,BA
39845,BA
39853,BA
38210,BA
38237,BA
38296,BA
38253,BA
38270,BA
38318,BA
38334,BA
38342,BA
38350,BA
38377,BA
38393,BA
38415,BA
38431,BA
38458,BA
38474,BA
38490,BA
38539,BA
38512,BA
38555,BA
38571,BA
38598,BA
39870,BA
38636,BA
35491,BA
38695,BA
38610,BA
38652,BA
38679,BA
38717,BA
38733,BA
38750,BA
38911,BA
38946,BA
38954,BA
38970,BA
38997,BA
39012,BA
39039,BA
39047,BA
39055,BA
39071,BA
39098,BA
39110,BA
39136,BA
39985,BA
39152,BA
38938,BA
38776,BA
38806,BA
38814,BA
38830,BA
38792,BA
38822,BA
39896,BA
38857,BA
39926,BA
38865,BA
38873,BA
38890,BA
39144,BA
39900,BA
39179,BA
39195,BA
39918,BA
39217,BA
39233,BA
39250,BA
39934,BA
39276,BA
39292,BA
39314,BA
39330,BA
39357,BA
39373,BA
39390,BA
39438,BA
39454,BA
39411,BA
39470,BA
39489,BA
39497,BA
39519,BA
39535,BA
39551,BA
39594,BA
39578,BA
39624,BA
39632,BA
39640,BA
39659,BA
39977,BA
39616,BA
39950,BA
39675,BA
39993,BA
39691,BA
39713,BA
33073,BA
33090,BA
13013,CE
13145,CE
13030,CE
13056,CE
13072,CE
13099,CE
13110,CE
13137,CE
15873,CE
13153,CE
13170,CE
13196,CE
13218,CE
13234,CE
13420,CE
13250,CE
13277,CE
13293,CE
13315,CE
13331,CE
13358,CE
13382,CE
13374,CE
13129,CE
13390,CE
13404,CE
13412,CE
13439,CE
13455,CE
13471,CE
13498,CE
13510,CE
13536,CE
13552,CE
13579,CE
13595,CE
13633,CE
13617,CE
13650,CE
13676,CE
13692,CE
13714,CE
13447,CE
13730,CE
13757,CE
13773,CE
13161,CE
13463,CE
13811,CE
13838,CE
13854,CE
15881,CE
15890,CE
15989,CE
13200,CE
13226,CE
13870,CE
15911,CE
13897,CE
13501,CE
13919,CE
13935,CE
13951,CE
13978,CE
13064,CE
13994,CE
13242,CE
14010,CE
14036,CE
14052,CE
13188,CE
14060,CE
14079,CE
15920,CE
15938,CE
14095,CE
14117,CE
14133,CE
13340,CE
14150,CE
14176,CE
14192,CE
14214,CE
14230,CE
13480,CE
14257,CE
14273,CE
14290,CE
14311,CE
15954,CE
14338,CE
14354,CE
14370,CE
14397,CE
14419,CE
14435,CE
14451,CE
13005,CE
14478,CE
14494,CE
14516,CE
14532,CE
13021,CE
15857,CE
14559,CE
14575,CE
14591,CE
14613,CE
14630,CE
14656,CE
14672,CE
15970,CE
14680,CE
14699,CE
14710,CE
14737,CE
14753,CE
14770,CE
14796,CE
14818,CE
14834,CE
14850,CE
14877,CE
14893,CE
13307,CE
14915,CE
14931,CE
14958,CE
14974,CE
14990,CE
15016,CE
15032,CE
15059,CE
15997,CE
15075,CE
15091,CE
15113,CE
15130,CE
15156,CE
15172,CE
13285,CE
15199,CE
13048,CE
15210,CE
15237,CE
15253,CE
13269,CE
13102,CE
15270,CE
98531,CE
15296,CE
15318,CE
15334,CE
15350,CE
15377,CE
15393,CE
15440,CE
15458,CE
15415,CE
15431,CE
15555,CE
15571,CE
15598,CE
15610,CE
15474,CE
15490,CE
15512,CE
15539,CE
15636,CE
15652,CE
13366,CE
15679,CE
13323,CE
15695,CE
15717,CE
13080,CE
15733,CE
15750,CE
98558,CE
15776,CE
15792,CE
98574,CE
15830,CE
15814,CE
97012,DF
56014,ES
56030,ES
56057,ES
56065,ES
56073,ES
56090,ES
56111,ES
56138,ES
56154,ES
56170,ES
56197,ES
56219,ES
56146,ES
56235,ES
56251,ES
56278,ES
56294,ES
56316,ES
56332,ES
56359,ES
56375,ES
56391,ES
56413,ES
56430,ES
56308,ES
56472,ES
56456,ES
57096,ES
56499,ES
56502,ES
56510,ES
56049,ES
56537,ES
56553,ES
56570,ES
56596,ES
57134,ES
56618,ES
56626,ES
57916,ES
56634,ES
56650,ES
56120,ES
56103,ES
57070,ES
56677,ES
56693,ES
56715,ES
56731,ES
56758,ES
56774,ES
56790,ES
57150,ES
56812,ES
56839,ES
56200,ES
56855,ES
57118,ES
56871,ES
56898,ES
57932,ES
56910,ES
56995,ES
56189,ES
56006,ES
56936,ES
56952,ES
56979,ES
56162,ES
57959,ES
57975,ES
57010,ES
56081,ES
56227,ES
57037,ES
57053,ES
56022,ES
57991,ES
93360,GO
92010,GO
96458,GO
96911,GO
92053,GO
92096,GO
92940,GO
92118,GO
92150,GO
93386,GO
96610,GO
92177,GO
92231,GO
92258,GO
92215,GO
92274,GO
93009,GO
92290,GO
92339,GO
92355,GO
96695,GO
92312,GO
96717,GO
92495,GO
92517,GO
92550,GO
92614,GO
92630,GO
92657,GO
92673,GO
92690,GO
92029,GO
93408,GO
92711,GO
92754,GO
92770,GO
93106,GO
93262,GO
92797,GO
92819,GO
92835,GO
96733,GO
92878,GO
92894,GO
93122,GO
92916,GO
96873,GO
92932,GO
92959,GO
93580,GO
92975,GO
92061,GO
92991,GO
92967,GO
93017,GO
93033,GO
93050,GO
92851,GO
93076,GO
92100,GO
92924,GO
93025,GO
92886,GO
92126,GO
93190,GO
93173,GO
93254,GO
93270,GO
93297,GO
93319,GO
93335,GO
93157,GO
93351,GO
93378,GO
93394,GO
93432,GO
93092,GO
96750,GO
92207,GO
93491,GO
93513,GO
92223,GO
93530,GO
93572,GO
93599,GO
93610,GO
93637,GO
93564,GO
93696,GO
93750,GO
93670,GO
93718,GO
93793,GO
93777,GO
93734,GO
92266,GO
93815,GO
93831,GO
93149,GO
92860,GO
93874,GO
93912,GO
93890,GO
93939,GO
93165,GO
96814,GO
93955,GO
93971,GO
93548,GO
93998,GO
94013,GO
94030,GO
92282,GO
94072,GO
94110,GO
94137,GO
94153,GO
94196,GO
94218,GO
94234,GO
94250,GO
94277,GO
94293,GO
94315,GO
94331,GO
94358,GO
92983,GO
94374,GO
94390,GO
93602,GO
94439,GO
94455,GO
94471,GO
94498,GO
94510,GO
94536,GO
92320,GO
94579,GO
92347,GO
96474,GO
94595,GO
94650,GO
94676,GO
94714,GO
92363,GO
93181,GO
94730,GO
92169,GO
94757,GO
94773,GO
96512,GO
94790,GO
94854,GO
94870,GO
94897,GO
94919,GO
94935,GO
96539,GO
96555,GO
93084,GO
94951,GO
94978,GO
95010,GO
93327,GO
92444,GO
95036,GO
95052,GO
95079,GO
95095,GO
92460,GO
95117,GO
95133,GO
95150,GO
95176,GO
94552,GO
95230,GO
93068,GO
95311,GO
95354,GO
95397,GO
95419,GO
95435,GO
95451,GO
95958,GO
95494,GO
95559,GO
93424,GO
95575,GO
95613,GO
93041,GO
95630,GO
95656,GO
95672,GO
92827,GO
95710,GO
95737,GO
95753,GO
95770,GO
95796,GO
92568,GO
95818,GO
96890,GO
95834,GO
93440,GO
95850,GO
95877,GO
95893,GO
93203,GO
92908,GO
96776,GO
92703,GO
96075,GO
96091,GO
92720,GO
95915,GO
95931,GO
95974,GO
92622,GO
92649,GO
95990,GO
96016,GO
92665,GO
93483,GO
96059,GO
96113,GO
96172,GO
92762,GO
93220,GO
96253,GO
92789,GO
96237,GO
92800,GO
96318,GO
93246,GO
96350,GO
96334,GO
96377,GO
93300,GO
96393,GO
96415,GO
96571,GO
93289,GO
93505,GO
96938,GO
92037,GO
93343,GO
07013,MA
07030,MA
07056,MA
07072,MA
07021,MA
07048,MA
07099,MA
07080,MA
07110,MA
07137,MA
07153,MA
07064,MA
07102,MA
07170,MA
09679,MA
07196,MA
07218,MA
09610,MA
07234,MA
07129,MA
07250,MA
07145,MA
07277,MA
07315,MA
07331,MA
07293,MA
07188,MA
07161,MA
07358,MA
07374,MA
07200,MA
07323,MA
09555,MA
07269,MA
07285,MA
07390,MA
07307,MA
07412,MA
07439,MA
07340,MA
07366,MA
07226,MA
07455,MA
07471,MA
07382,MA
07510,MA
07404,MA
07536,MA
07552,MA
07579,MA
07595,MA
07420,MA
07447,MA
07463,MA
07617,MA
07480,MA
07633,MA
07650,MA
07676,MA
07501,MA
07692,MA
07714,MA
07498,MA
07242,MA
07730,MA
07757,MA
07773,MA
09636,MA
07528,MA
07544,MA
07560,MA
07790,MA
07811,MA
07838,MA
07854,MA
07870,MA
07609,MA
07897,MA
07625,MA
07641,MA
07668,MA
07935,MA
07919,MA
07951,MA
07978,MA
07994,MA
07684,MA
08010,MA
08036,MA
07706,MA
08079,MA
07722,MA
07749,MA
07765,MA
08117,MA
08095,MA
07781,MA
08133,MA
08150,MA
07803,MA
08176,MA
07820,MA
07846,MA
07862,MA
08192,MA
08214,MA
08230,MA
08257,MA
07889,MA
07900,MA
07927,MA
08273,MA
08290,MA
08311,MA
07943,MA
07960,MA
08338,MA
09695,MA
08354,MA
08397,MA
08370,MA
08419,MA
08435,MA
07986,MA
08451,MA
08001,MA
08478,MA
08028,MA
08516,MA
08532,MA
08559,MA
08575,MA
08591,MA
08044,MA
09598,MA
08494,MA
08613,MA
08060,MA
08630,MA
08656,MA
08087,MA
08672,MA
08699,MA
08710,MA
08737,MA
08770,MA
08109,MA
08753,MA
08796,MA
08818,MA
08125,MA
08141,MA
08834,MA
08850,MA
08168,MA
08877,MA
08184,MA
08915,MA
08931,MA
08206,MA
08958,MA
09571,MA
08974,MA
09652,MA
08990,MA
09016,MA
08222,MA
08249,MA
09032,MA
08460,MA
08486,MA
08508,MA
08524,MA
09318,MA
08540,MA
09059,MA
09075,MA
09091,MA
08265,MA
09113,MA
08281,MA
09156,MA
09130,MA
08893,MA
08362,MA
09172,MA
08303,MA
08320,MA
08346,MA
09199,MA
09210,MA
08052,MA
09237,MA
08389,MA
08400,MA
09253,MA
08427,MA
08443,MA
09270,MA
09296,MA
09334,MA
09350,MA
09377,MA
08567,MA
08583,MA
09393,MA
09415,MA
08605,MA
09431,MA
09458,MA
09474,MA
09490,MA
08621,MA
09539,MA
09512,MA
09717,MA
07005,MA
40010,MG
40037,MG
40053,MG
40070,MG
40150,MG
40215,MG
40231,MG
40258,MG
40274,MG
40312,MG
40002,MG
40339,MG
40355,MG
40371,MG
40398,MG
41661,MG
50695,MG
40410,MG
40436,MG
40452,MG
40479,MG
40290,MG
40495,MG
40517,MG
40550,MG
41688,MG
40576,MG
40592,MG
40614,MG
40657,MG
40690,MG
40711,MG
40738,MG
40029,MG
40754,MG
40797,MG
40630,MG
40673,MG
40770,MG
40819,MG
40835,MG
40851,MG
40878,MG
41700,MG
40894,MG
40916,MG
40932,MG
40959,MG
40096,MG
40975,MG
40991,MG
41017,MG
41033,MG
41050,MG
41114,MG
41130,MG
41173,MG
41076,MG
41092,MG
41190,MG
41211,MG
41238,MG
41254,MG
41270,MG
41297,MG
41726,MG
41319,MG
41335,MG
41351,MG
41378,MG
41394,MG
41416,MG
41432,MG
41459,MG
41475,MG
41491,MG
41513,MG
41530,MG
41556,MG
41572,MG
41599,MG
41610,MG
41637,MG
41742,MG
41653,MG
41670,MG
41696,MG
40045,MG
41718,MG
41777,MG
41750,MG
41793,MG
41734,MG
41815,MG
41831,MG
41769,MG
41858,MG
41874,MG
41785,MG
41890,MG
41912,MG
41939,MG
40533,MG
41955,MG
41971,MG
41998,MG
42013,MG
42030,MG
42056,MG
42072,MG
42099,MG
42137,MG
42110,MG
42170,MG
42153,MG
42196,MG
42218,MG
41807,MG
42234,MG
42250,MG
42277,MG
42293,MG
42315,MG
42374,MG
42331,MG
42390,MG
41823,MG
42358,MG
42412,MG
42439,MG
42455,MG
42471,MG
42498,MG
42510,MG
40061,MG
42536,MG
42552,MG
42579,MG
42617,MG
42633,MG
42650,MG
42676,MG
42595,MG
42692,MG
42714,MG
42730,MG
42773,MG
42790,MG
42811,MG
42838,MG
42854,MG
42870,MG
42757,MG
42897,MG
40088,MG
42919,MG
42951,MG
42935,MG
42978,MG
42994,MG
43052,MG
41840,MG
43079,MG
40100,MG
41866,MG
43095,MG
43117,MG
43133,MG
43150,MG
43192,MG
43214,MG
41882,MG
43230,MG
43176,MG
43257,MG
43273,MG
43290,MG
43311,MG
43338,MG
43354,MG
43370,MG
43397,MG
43419,MG
43036,MG
43451,MG
43435,MG
43478,MG
43494,MG
43516,MG
43532,MG
43559,MG
41920,MG
43575,MG
43591,MG
43613,MG
43630,MG
43656,MG
43672,MG
43699,MG
43710,MG
43737,MG
43753,MG
43770,MG
43796,MG
43818,MG
43834,MG
43850,MG
43877,MG
43893,MG
43915,MG
43931,MG
44016,MG
44032,MG
44075,MG
44091,MG
44059,MG
41963,MG
44113,MG
44130,MG
44156,MG
41980,MG
42005,MG
44172,MG
43010,MG
43958,MG
43974,MG
41947,MG
43990,MG
41904,MG
44199,MG
44210,MG
44237,MG
42021,MG
44253,MG
44270,MG
44296,MG
44318,MG
44334,MG
44350,MG
44393,MG
44415,MG
44431,MG
44377,MG
44458,MG
40126,MG
44474,MG
40142,MG
42048,MG
44490,MG
44512,MG
44539,MG
44555,MG
44571,MG
44598,MG
44610,MG
44636,MG
44652,MG
44679,MG
44695,MG
40169,MG
44717,MG
44733,MG
44750,MG
40185,MG
44776,MG
44792,MG
44814,MG
44830,MG
44857,MG
44873,MG
44890,MG
44911,MG
44938,MG
44954,MG
44970,MG
44997,MG
45012,MG
45039,MG
45055,MG
45110,MG
45136,MG
45071,MG
45152,MG
45179,MG
40207,MG
45195,MG
45217,MG
45233,MG
45250,MG
45276,MG
45292,MG
45314,MG
45330,MG
40223,MG
45357,MG
45373,MG
42064,MG
45390,MG
49352,MG
42080,MG
45411,MG
45438,MG
45454,MG
42102,MG
42129,MG
42145,MG
42161,MG
45497,MG
45470,MG
45519,MG
45535,MG
45578,MG
45551,MG
45594,MG
45616,MG
45632,MG
42188,MG
45675,MG
45659,MG
45691,MG
45713,MG
45730,MG
45756,MG
45772,MG
45799,MG
45810,MG
45837,MG
45853,MG
45870,MG
45918,MG
42200,MG
45934,MG
45950,MG
45977,MG
45993,MG
45896,MG
40240,MG
46019,MG
46035,MG
46051,MG
46078,MG
46094,MG
42226,MG
46116,MG
42242,MG
46132,MG
46159,MG
46175,MG
46191,MG
46213,MG
40266,MG
46230,MG
46256,MG
46272,MG
46299,MG
46310,MG
46337,MG
46353,MG
46370,MG
46396,MG
46418,MG
46434,MG
46450,MG
46477,MG
46493,MG
46515,MG
46531,MG
46558,MG
46574,MG
46590,MG
46612,MG
46639,MG
46655,MG
46671,MG
46698,MG
46710,MG
46736,MG
46779,MG
54453,MG
46752,MG
46795,MG
46817,MG
46833,MG
46850,MG
46876,MG
46892,MG
46914,MG
46930,MG
46973,MG
46957,MG
46990,MG
40304,MG
47015,MG
47031,MG
47058,MG
42269,MG
40282,MG
47074,MG
42285,MG
47090,MG
47112,MG
47139,MG
47155,MG
47171,MG
47210,MG
47279,MG
47198,MG
47295,MG
40924,MG
42307,MG
42323,MG
47236,MG
47252,MG
40320,MG
47333,MG
47350,MG
47376,MG
40940,MG
47392,MG
47414,MG
47430,MG
47457,MG
47473,MG
47490,MG
40347,MG
47511,MG
47538,MG
47554,MG
47570,MG
47597,MG
47619,MG
47635,MG
47651,MG
40967,MG
47678,MG
47694,MG
47716,MG
40363,MG
40380,MG
40983,MG
41009,MG
47732,MG
47759,MG
47775,MG
47791,MG
47813,MG
47830,MG
40401,MG
47856,MG
47872,MG
47899,MG
47910,MG
47953,MG
47937,MG
47970,MG
47996,MG
48011,MG
48038,MG
48054,MG
48070,MG
48097,MG
41041,MG
40428,MG
48119,MG
48135,MG
54313,MG
48151,MG
40444,MG
48178,MG
48194,MG
48216,MG
48232,MG
48259,MG
48275,MG
48291,MG
48313,MG
48330,MG
48356,MG
48372,MG
48399,MG
48410,MG
41068,MG
48437,MG
48453,MG
48470,MG
48496,MG
48518,MG
48534,MG
48550,MG
48577,MG
48593,MG
48615,MG
41084,MG
48631,MG
48674,MG
48658,MG
40460,MG
48690,MG
48712,MG
48739,MG
48755,MG
48771,MG
48798,MG
48810,MG
41025,MG
48836,MG
48852,MG
40487,MG
41106,MG
48879,MG
48895,MG
48917,MG
41122,MG
41149,MG
48933,MG
48950,MG
48976,MG
48992,MG
41165,MG
49018,MG
49034,MG
47317,MG
49050,MG
40509,MG
41181,MG
49077,MG
41203,MG
49115,MG
49131,MG
49093,MG
49158,MG
41220,MG
41246,MG
49174,MG
49190,MG
49212,MG
49239,MG
41262,MG
49255,MG
41289,MG
49271,MG
49298,MG
49310,MG
49336,MG
40525,MG
49379,MG
49395,MG
49433,MG
49450,MG
49476,MG
49417,MG
49514,MG
49530,MG
49557,MG
49492,MG
49573,MG
41300,MG
49590,MG
49611,MG
49638,MG
49654,MG
49670,MG
49697,MG
49735,MG
41327,MG
49751,MG
49778,MG
49794,MG
49816,MG
40541,MG
49832,MG
49859,MG
49875,MG
49891,MG
49913,MG
49930,MG
49956,MG
49972,MG
40568,MG
49999,MG
49719,MG
50016,MG
41343,MG
50032,MG
50059,MG
50075,MG
50091,MG
41360,MG
41386,MG
50113,MG
50130,MG
50156,MG
50199,MG
50172,MG
50210,MG
50237,MG
50253,MG
50270,MG
50296,MG
50318,MG
50377,MG
50393,MG
50415,MG
41408,MG
40584,MG
50431,MG
50458,MG
50474,MG
50490,MG
50512,MG
50334,MG
50350,MG
50539,MG
50555,MG
50598,MG
50571,MG
50610,MG
50636,MG
50652,MG
50679,MG
50717,MG
50733,MG
50750,MG
50776,MG
50792,MG
50814,MG
41424,MG
50830,MG
50857,MG
50873,MG
40606,MG
50890,MG
50911,MG
50938,MG
50954,MG
50970,MG
51012,MG
50997,MG
51039,MG
51055,MG
51071,MG
51098,MG
51110,MG
51136,MG
51152,MG
51179,MG
51195,MG
51217,MG
51233,MG
51250,MG
51276,MG
40622,MG
51292,MG
51314,MG
51330,MG
51357,MG
51373,MG
51390,MG
51411,MG
51438,MG
40649,MG
41440,MG
51454,MG
41467,MG
41483,MG
51470,MG
51497,MG
51519,MG
41505,MG
51535,MG
51551,MG
51578,MG
51594,MG
51616,MG
51632,MG
51837,MG
51870,MG
51853,MG
40665,MG
51896,MG
51918,MG
51934,MG
51950,MG
51659,MG
51675,MG
51691,MG
51713,MG
51730,MG
51756,MG
51772,MG
40681,MG
51799,MG
51810,MG
51977,MG
51993,MG
52019,MG
52035,MG
52051,MG
52078,MG
41521,MG
52094,MG
52116,MG
52132,MG
53074,MG
53090,MG
40800,MG
40827,MG
40843,MG
53112,MG
53139,MG
53155,MG
53171,MG
53198,MG
53210,MG
53236,MG
53252,MG
53279,MG
53295,MG
53317,MG
53350,MG
53333,MG
53376,MG
53392,MG
42382,MG
53414,MG
53430,MG
42404,MG
53457,MG
53473,MG
53511,MG
53490,MG
53538,MG
53554,MG
52159,MG
52175,MG
41548,MG
52191,MG
52213,MG
52230,MG
52256,MG
52272,MG
41564,MG
52299,MG
52310,MG
41580,MG
52337,MG
52353,MG
52370,MG
45098,MG
52396,MG
52418,MG
41629,MG
41645,MG
40789,MG
52590,MG
52612,MG
52639,MG
52655,MG
52671,MG
52698,MG
52710,MG
52434,MG
40703,MG
52450,MG
52477,MG
41602,MG
52493,MG
40720,MG
40746,MG
52515,MG
40762,MG
52531,MG
52558,MG
52574,MG
52736,MG
52752,MG
52779,MG
52817,MG
52795,MG
52833,MG
52850,MG
52876,MG
42340,MG
42366,MG
52892,MG
52914,MG
52930,MG
52957,MG
52973,MG
53031,MG
52990,MG
53015,MG
53058,MG
53570,MG
53597,MG
42420,MG
53619,MG
53635,MG
53651,MG
53678,MG
53694,MG
53716,MG
53732,MG
53759,MG
53775,MG
53791,MG
42587,MG
53813,MG
53830,MG
53856,MG
41157,MG
53872,MG
53899,MG
53910,MG
53937,MG
53953,MG
40860,MG
53996,MG
54011,MG
54038,MG
53970,MG
54054,MG
54070,MG
42447,MG
42463,MG
40886,MG
54097,MG
40908,MG
54119,MG
42480,MG
54135,MG
42501,MG
54178,MG
54194,MG
42528,MG
42544,MG
42560,MG
54232,MG
54259,MG
54291,MG
54330,MG
54372,MG
54399,MG
54356,MG
54410,MG
54275,MG
54437,MG
54151,MG
54216,MG
40118,MG
40134,MG
40177,MG
40193,MG
55018,MS
90115,MS
90131,MS
90158,MS
91693,MS
90174,MS
90190,MS
90212,MS
91715,MS
90298,MS
90379,MS
90395,MS
90417,MS
98019,MS
90433,MS
90450,MS
90557,MS
90492,MS
90514,MS
90530,MS
90573,MS
91782,MS
90611,MS
98590,MS
90638,MS
98035,MS
90654,MS
91758,MS
91804,MS
98051,MS
90735,MS
91731,MS
55069,MS
90751,MS
90794,MS
90816,MS
90859,MS
90875,MS
90891,MS
98078,MS
90930,MS
55034,MS
90972,MS
90999,MS
91014,MS
91820,MS
91030,MS
55026,MS
91073,MS
91111,MS
91790,MS
91138,MS
91154,MS
55000,MS
91235,MS
55042,MS
91251,MS
91847,MS
55050,MS
91278,MS
91316,MS
91375,MS
91413,MS
91430,MS
91456,MS
91472,MS
91499,MS
91863,MS
98116,MS
98132,MS
91570,MS
91880,MS
98094,MS
98159,MS
98175,MS
91596,MS
91650,MS
91901,MS
90034,MS
90018,MT
89877,MT
90050,MT
90042,MT
90077,MT
90093,MT
98612,MT
90263,MT
98639,MT
90239,MT
89893,MT
90255,MT
90271,MT
90336,MT
90352,MT
90310,MT
90905,MT
90468,MT
98655,MT
90484,MT
90506,MT
90743,MT
90085,MT
91936,MT
90760,MT
90549,MT
90590,MT
90522,MT
98671,MT
89788,MT
89796,MT
99015,MT
90280,MT
91006,MT
90425,MT
90670,MT
89800,MT
90476,MT
98337,MT
90697,MT
90719,MT
90786,MT
99031,MT
90824,MT
90778,MT
90204,MT
99058,MT
90832,MT
99074,MT
91081,MT
91103,MT
98698,MT
90913,MT
90956,MT
90565,MT
89915,MT
98191,MT
90581,MT
91898,MT
98310,MT
90301,MT
90603,MT
91057,MT
98710,MT
90620,MT
91774,MT
91170,MT
91197,MT
91219,MT
90387,MT
89818,MT
98752,MT
90140,MT
90867,MT
90166,MT
90123,MT
90360,MT
90646,MT
90964,MT
98736,MT
89826,MT
90883,MT
91952,MT
98795,MT
90808,MT
90948,MT
98779,MT
89834,MT
98833,MT
91812,MT
98817,MT
90344,MT
91294,MT
90700,MT
91332,MT
89990,MT
98850,MT
91359,MT
98876,MT
90182,MT
91391,MT
98892,MT
90069,MT
98914,MT
90662,MT
90441,MT
89958,MT
89960,MT
91510,MT
91537,MT
89974,MT
90107,MT
90980,MT
91049,MT
91979,MT
90328,MT
89843,MT
91553,MT
90727,MT
90921,MT
89850,MT
98930,MT
91839,MT
90026,MT
91995,MT
90247,MT
89931,MT
90409,MT
90220,MT
91855,MT
90689,MT
98957,MT
91618,MT
91634,MT
90840,MT
91022,MT
98973,MT
91090,MT
98990,MT
91677,MT
91910,MT
04014,PA
04502,PA
04030,PA
04057,PA
04073,PA
04090,PA
04111,PA
04138,PA
04154,PA
04723,PA
04170,PA
04340,PA
04197,PA
04219,PA
04235,PA
04588,PA
04251,PA
04804,PA
04278,PA
04294,PA
04049,PA
04316,PA
04332,PA
04227,PA
05932,PA
04448,PA
04359,PA
04375,PA
04391,PA
04766,PA
04413,PA
04707,PA
04430,PA
04456,PA
04472,PA
04499,PA
04510,PA
04537,PA
05819,PA
04529,PA
05851,PA
04553,PA
04740,PA
04570,PA
05975,PA
04120,PA
04596,PA
04561,PA
05878,PA
04006,PA
04618,PA
04634,PA
04650,PA
04677,PA
04189,PA
04693,PA
04715,PA
04731,PA
04200,PA
04758,PA
04774,PA
04790,PA
04812,PA
04839,PA
04855,PA
04871,PA
04642,PA
05770,PA
04898,PA
04910,PA
04936,PA
04863,PA
04952,PA
04979,PA
04103,PA
04480,PA
04600,PA
04995,PA
04383,PA
04421,PA
05037,PA
05053,PA
05959,PA
05070,PA
05916,PA
04162,PA
05096,PA
05835,PA
04308,PA
05118,PA
04782,PA
04626,PA
05134,PA
05150,PA
05177,PA
05193,PA
05215,PA
04685,PA
05673,PA
05690,PA
05738,PA
05894,PA
05231,PA
05258,PA
04243,PA
05274,PA
05290,PA
04146,PA
05991,PA
05312,PA
05339,PA
05355,PA
05371,PA
05398,PA
04847,PA
05550,PA
05576,PA
05410,PA
04464,PA
05436,PA
05479,PA
05452,PA
05797,PA
04820,PA
04065,PA
05495,PA
05517,PA
05533,PA
04022,PA
04545,PA
04367,PA
05592,PA
04669,PA
04286,PA
04081,PA
05614,PA
04324,PA
05754,PA
05630,PA
05657,PA
04405,PA
05711,PA
04260,PA
05010,PA
19038,PB
19054,PB
19070,PB
19097,PB
19763,PB
19925,PB
19119,PB
19585,PB
19844,PB
19178,PB
19194,PB
19151,PB
19216,PB
19909,PB
19232,PB
19259,PB
19321,PB
19313,PB
19305,PB
19330,PB
19780,PB
19356,PB
19372,PB
19291,PB
19399,PB
19410,PB
19500,PB
19437,PB
19941,PB
19453,PB
19470,PB
19496,PB
19518,PB
19550,PB
19577,PB
19593,PB
19615,PB
19631,PB
19658,PB
19674,PB
19690,PB
19712,PB
19364,PB
19739,PB
19755,PB
19380,PB
19771,PB
19798,PB
19810,PB
19062,PB
19240,PB
19836,PB
19607,PB
19852,PB
19879,PB
19801,PB
19895,PB
19917,PB
19933,PB
19950,PB
19976,PB
19704,PB
19992,PB
20010,PB
20052,PB
20036,PB
19089,PB
19100,PB
20079,PB
19275,PB
20095,PB
20133,PB
20150,PB
20176,PB
20192,PB
20214,PB
20230,PB
20257,PB
19623,PB
20273,PB
20290,PB
20311,PB
20338,PB
19534,PB
20354,PB
20370,PB
20397,PB
20419,PB
20435,PB
20451,PB
20478,PB
20494,PB
20516,PB
20532,PB
20559,PB
20575,PB
20591,PB
20613,PB
20630,PB
20656,PB
20672,PB
20699,PB
20710,PB
19160,PB
20737,PB
20770,PB
20796,PB
20818,PB
19968,PB
20834,PB
19461,PB
20850,PB
20877,PB
19143,PB
19488,PB
19984,PB
20893,PB
20915,PB
20931,PB
20958,PB
20974,PB
20753,PB
20990,PB
21016,PB
21032,PB
21059,PB
21075,PB
21091,PB
21113,PB
21130,PB
19720,PB
21156,PB
21172,PB
21199,PB
21210,PB
21237,PB
21253,PB
19747,PB
21270,PB
21296,PB
21318,PB
21334,PB
21350,PB
21377,PB
21393,PB
21415,PB
21431,PB
19640,PB
19526,PB
21458,PB
21474,PB
21490,PB
21512,PB
21539,PB
21555,PB
19828,PB
21571,PB
19208,PB
19127,PB
19003,PB
21598,PB
21610,PB
21636,PB
20001,PB
21652,PB
21679,PB
19569,PB
21695,PB
21750,PB
21776,PB
21717,PB
21733,PB
19666,PB
19267,PB
22071,PB
22110,PB
22136,PB
22152,PB
22179,PB
22195,PB
19186,PB
19020,PB
22233,PB
22217,PB
19283,PB
22250,PB
22276,PB
19402,PB
21792,PB
19429,PB
19224,PB
19860,PB
21857,PB
21873,PB
21890,PB
21911,PB
19445,PB
21938,PB
19542,PB
21954,PB
21970,PB
19046,PB
21814,PB
19135,PB
21830,PB
21997,PB
22012,PB
22039,PB
22055,PB
22098,PB
22292,PB
22314,PB
22330,PB
22357,PB
19682,PB
22373,PB
22390,PB
22411,PB
19887,PB
20117,PB
22438,PB
19348,PB
19011,PB
26310,PE
23019,PE
23035,PE
23051,PE
23116,PE
23132,PE
23159,PE
23175,PE
23191,PE
23213,PE
23205,PE
23230,PE
23256,PE
23272,PE
23337,PE
23299,PE
23310,PE
23353,PE
23370,PE
23396,PE
23418,PE
23434,PE
23450,PE
23493,PE
23515,PE
23477,PE
23531,PE
23558,PE
23574,PE
23590,PE
23612,PE
23639,PE
23671,PE
23655,PE
26298,PE
23698,PE
23710,PE
23736,PE
23752,PE
23167,PE
23779,PE
23795,PE
23817,PE
23221,PE
23833,PE
23850,PE
23876,PE
23892,PE
23914,PE
23930,PE
23957,PE
23973,PE
23990,PE
24015,PE
23140,PE
24031,PE
24058,PE
24074,PE
30015,PE
24090,PE
24112,PE
24139,PE
24155,PE
24171,PE
24198,PE
24210,PE
24236,PE
24252,PE
24279,PE
24295,PE
24317,PE
24333,PE
24350,PE
24376,PE
24511,PE
24392,PE
24414,PE
24430,PE
24457,PE
24473,PE
25976,PE
24538,PE
26336,PE
24554,PE
24490,PE
24570,PE
23302,PE
24597,PE
23264,PE
24635,PE
24619,PE
23124,PE
24651,PE
24678,PE
24694,PE
23027,PE
24716,PE
24732,PE
23183,PE
24759,PE
24775,PE
24791,PE
24813,PE
23248,PE
24830,PE
24856,PE
25852,PE
24872,PE
24899,PE
24910,PE
24937,PE
24953,PE
24970,PE
24996,PE
25011,PE
25038,PE
25054,PE
25070,PE
25097,PE
25119,PE
25135,PE
25151,PE
25178,PE
25216,PE
25194,PE
25259,PE
25232,PE
25275,PE
25291,PE
23000,PE
25313,PE
25330,PE
25356,PE
25372,PE
25399,PE
25410,PE
25437,PE
25453,PE
25470,PE
23108,PE
23043,PE
25496,PE
23329,PE
25518,PE
25534,PE
25550,PE
25771,PE
25798,PE
25810,PE
25836,PE
25879,PE
25895,PE
25577,PE
25593,PE
25615,PE
25658,PE
25674,PE
25690,PE
25712,PE
25631,PE
25739,PE
25755,PE
25917,PE
25933,PE
25950,PE
23280,PE
25992,PE
26018,PE
26034,PE
26050,PE
26077,PE
26093,PE
26115,PE
26131,PE
26158,PE
26174,PE
26190,PE
26212,PE
23086,PE
26239,PE
26255,PE
26271,PE
23060,PE
23078,PE
23094,PE
12327,PI
10014,PI
12319,PI
10022,PI
10057,PI
10073,PI
12084,PI
10090,PI
10111,PI
10154,PI
10138,PI
10170,PI
12734,PI
10197,PI
12106,PI
10219,PI
10049,PI
10600,PI
10235,PI
10251,PI
10278,PI
10294,PI
10626,PI
12335,PI
10316,PI
10332,PI
12122,PI
10669,PI
10359,PI
10375,PI
10065,PI
10081,PI
12149,PI
10006,PI
10642,PI
10391,PI
10103,PI
10120,PI
12343,PI
12572,PI
10146,PI
10413,PI
12351,PI
10723,PI
10740,PI
10430,PI
10162,PI
10456,PI
10472,PI
10707,PI
10499,PI
12670,PI
12165,PI
10510,PI
12688,PI
10537,PI
12360,PI
12696,PI
10189,PI
10200,PI
10227,PI
10553,PI
10243,PI
10570,PI
10596,PI
10618,PI
10634,PI
10766,PI
12181,PI
12580,PI
10650,PI
12297,PI
10677,PI
10685,PI
11410,PI
10693,PI
10715,PI
10731,PI
10260,PI
10758,PI
12637,PI
10774,PI
10790,PI
10812,PI
12378,PI
10839,PI
10855,PI
10782,PI
10871,PI
10898,PI
10804,PI
10910,PI
10820,PI
10936,PI
10952,PI
10979,PI
10995,PI
11010,PI
10286,PI
11037,PI
10308,PI
12394,PI
11053,PI
11070,PI
12408,PI
11096,PI
12386,PI
12416,PI
10847,PI
12203,PI
10324,PI
10863,PI
10340,PI
12424,PI
12220,PI
12432,PI
11118,PI
11134,PI
11150,PI
12440,PI
11177,PI
10367,PI
11193,PI
12467,PI
11215,PI
11231,PI
11258,PI
12246,PI
11274,PI
11290,PI
11312,PI
10880,PI
12459,PI
12475,PI
11339,PI
12726,PI
10928,PI
11355,PI
10960,PI
11371,PI
10901,PI
11398,PI
12483,PI
11436,PI
11452,PI
12262,PI
11479,PI
11495,PI
10944,PI
11517,PI
11533,PI
10405,PI
10383,PI
12718,PI
11550,PI
12289,PI
11576,PI
12491,PI
11592,PI
11614,PI
11630,PI
11657,PI
11673,PI
11690,PI
12599,PI
11711,PI
10421,PI
11738,PI
11754,PI
12300,PI
12602,PI
11770,PI
11797,PI
11819,PI
10448,PI
11835,PI
11851,PI
10464,PI
10480,PI
11878,PI
12653,PI
11894,PI
12041,PI
12068,PI
10545,PI
12157,PI
12130,PI
12173,PI
12513,PI
10502,PI
12505,PI
11932,PI
11916,PI
12610,PI
11959,PI
10529,PI
12017,PI
12033,PI
11088,PI
12009,PI
11975,PI
12025,PI
10987,PI
11991,PI
12050,PI
10561,PI
12629,PI
12661,PI
12700,PI
12076,PI
12092,PI
12114,PI
12530,PI
12521,PI
12190,PI
12211,PI
12238,PI
12254,PI
12556,PI
12548,PI
10588,PI
12270,PI
12564,PI
10030,PI
74012,PR
74039,PR
74055,PR
74071,PR
84557,PR
74098,PR
74926,PR
74110,PR
79510,PR
74136,PR
74152,PR
74179,PR
74101,PR
74195,PR
74217,PR
74233,PR
74250,PR
74276,PR
74292,PR
75108,PR
74314,PR
74357,PR
75086,PR
74373,PR
79537,PR
74390,PR
74411,PR
74438,PR
74454,PR
74470,PR
74519,PR
74497,PR
75124,PR
74535,PR
74551,PR
74578,PR
74144,PR
75140,PR
79812,PR
74594,PR
75167,PR
74616,PR
74160,PR
74632,PR
79839,PR
74187,PR
74659,PR
79855,PR
74209,PR
74675,PR
74691,PR
74730,PR
74713,PR
74756,PR
75183,PR
74772,PR
74780,PR
74799,PR
74810,PR
75205,PR
74837,PR
74225,PR
84514,PR
74870,PR
74896,PR
75221,PR
74918,PR
74934,PR
74950,PR
74977,PR
74993,PR
75019,PR
75035,PR
75051,PR
75078,PR
75094,PR
75132,PR
75159,PR
75175,PR
75191,PR
75213,PR
75230,PR
75256,PR
75248,PR
75272,PR
75280,PR
75337,PR
74241,PR
75299,PR
75310,PR
75264,PR
75353,PR
75370,PR
74853,PR
79570,PR
75400,PR
75396,PR
74268,PR
75418,PR
84654,PR
75434,PR
74942,PR
75477,PR
74284,PR
75450,PR
75302,PR
75329,PR
74306,PR
75493,PR
74322,PR
75345,PR
84573,PR
74349,PR
75531,PR
75558,PR
75574,PR
75590,PR
75612,PR
75639,PR
75361,PR
79774,PR
75655,PR
75515,PR
75671,PR
74004,PR
75698,PR
75388,PR
79596,PR
75736,PR
75426,PR
75752,PR
75779,PR
75795,PR
75817,PR
75833,PR
75850,PR
75876,PR
75710,PR
74365,PR
75892,PR
74020,PR
75914,PR
75930,PR
75957,PR
74381,PR
75442,PR
75973,PR
76015,PR
79618,PR
75990,PR
76031,PR
76058,PR
74403,PR
76074,PR
76090,PR
76112,PR
75000,PR
76139,PR
76155,PR
76171,PR
74446,PR
76198,PR
76236,PR
76252,PR
74462,PR
76210,PR
76279,PR
76295,PR
76317,PR
76333,PR
76350,PR
76376,PR
76392,PR
76414,PR
76430,PR
76457,PR
76473,PR
79979,PR
76490,PR
76511,PR
84638,PR
76538,PR
76554,PR
76570,PR
74985,PR
76597,PR
76619,PR
74489,PR
74047,PR
76635,PR
76651,PR
76678,PR
75809,PR
84590,PR
76694,PR
76716,PR
76732,PR
76775,PR
76759,PR
76791,PR
75469,PR
75116,PR
76813,PR
76830,PR
76856,PR
76872,PR
79758,PR
76899,PR
74330,PR
76910,PR
74500,PR
76937,PR
76953,PR
75485,PR
76970,PR
76996,PR
79634,PR
74527,PR
74543,PR
77011,PR
74560,PR
77038,PR
77054,PR
84697,PR
77070,PR
77097,PR
77119,PR
77135,PR
77151,PR
77178,PR
79650,PR
77194,PR
77216,PR
75027,PR
77232,PR
74586,PR
77259,PR
79677,PR
79952,PR
74608,PR
79790,PR
75760,PR
74420,PR
77275,PR
77291,PR
74063,PR
77313,PR
77330,PR
77356,PR
77372,PR
77399,PR
77437,PR
77453,PR
77470,PR
77496,PR
77410,PR
74624,PR
77518,PR
77534,PR
77550,PR
77577,PR
75507,PR
75043,PR
74640,PR
77631,PR
77658,PR
77690,PR
77674,PR
77712,PR
74667,PR
77615,PR
77739,PR
77755,PR
77771,PR
75523,PR
77798,PR
77810,PR
75540,PR
77836,PR
77852,PR
75566,PR
79910,PR
77879,PR
77895,PR
77917,PR
79693,PR
77593,PR
75582,PR
77933,PR
77950,PR
74683,PR
79553,PR
77976,PR
77992,PR
78018,PR
74705,PR
78034,PR
74721,PR
78050,PR
78077,PR
78093,PR
78115,PR
75604,PR
78131,PR
78158,PR
78174,PR
78190,PR
74748,PR
75620,PR
78212,PR
78239,PR
78255,PR
78271,PR
78298,PR
75744,PR
78310,PR
78336,PR
78352,PR
78379,PR
78395,PR
78417,PR
78433,PR
78450,PR
79715,PR
78476,PR
78492,PR
78514,PR
74764,PR
74802,PR
78530,PR
74829,PR
74080,PR
84670,PR
78557,PR
78611,PR
78590,PR
78638,PR
78573,PR
78654,PR
78999,PR
84611,PR
75060,PR
79014,PR
75647,PR
79030,PR
79057,PR
79073,PR
75787,PR
78670,PR
78697,PR
78816,PR
78794,PR
79995,PR
78832,PR
84719,PR
78859,PR
78719,PR
78735,PR
78751,PR
78778,PR
74845,PR
78875,PR
78891,PR
74861,PR
78913,PR
78930,PR
78956,PR
78972,PR
75663,PR
79090,PR
79111,PR
79731,PR
79138,PR
79154,PR
79170,PR
79197,PR
79219,PR
79235,PR
79251,PR
79278,PR
79294,PR
79871,PR
74888,PR
79316,PR
79936,PR
84530,PR
79332,PR
79359,PR
79391,PR
79375,PR
79413,PR
74900,PR
79898,PR
79456,PR
74969,PR
79472,PR
79430,PR
79499,PR
74128,PR
58017,RJ
58181,RJ
58033,RJ
58220,RJ
58408,RJ
59277,RJ
58050,RJ
58076,RJ
58041,RJ
58092,RJ
58114,RJ
58130,RJ
58157,RJ
58173,RJ
58190,RJ
58211,RJ
58300,RJ
58068,RJ
58238,RJ
58254,RJ
58165,RJ
58270,RJ
58297,RJ
58319,RJ
58335,RJ
58351,RJ
58106,RJ
58262,RJ
58378,RJ
58394,RJ
59293,RJ
58416,RJ
58432,RJ
58440,RJ
58149,RJ
58459,RJ
58475,RJ
58386,RJ
58491,RJ
58513,RJ
58530,RJ
58556,RJ
58467,RJ
58572,RJ
58599,RJ
58610,RJ
58637,RJ
58653,RJ
58670,RJ
58696,RJ
58718,RJ
58750,RJ
58734,RJ
59315,RJ
58777,RJ
58246,RJ
58793,RJ
58815,RJ
58327,RJ
58025,RJ
58122,RJ
58009,RJ
58831,RJ
58858,RJ
58874,RJ
58890,RJ
58203,RJ
60011,RJ
58912,RJ
58939,RJ
59072,RJ
59099,RJ
58424,RJ
59110,RJ
59137,RJ
58955,RJ
58289,RJ
58971,RJ
58343,RJ
59331,RJ
58998,RJ
59013,RJ
59030,RJ
59056,RJ
58360,RJ
59153,RJ
59170,RJ
59196,RJ
59218,RJ
58084,RJ
59234,RJ
59250,RJ
16012,RN
16055,RN
16098,RN
16110,RN
16136,RN
16152,RN
16179,RN
16195,RN
16217,RN
16233,RN
16039,RN
30031,RN
16292,RN
16276,RN
16314,RN
17035,RN
16101,RN
16330,RN
16357,RN
16390,RN
16047,RN
16373,RN
16250,RN
16411,RN
16438,RN
16454,RN
16497,RN
16470,RN
16519,RN
16535,RN
16551,RN
16578,RN
16594,RN
16616,RN
16632,RN
16659,RN
16675,RN
16691,RN
16713,RN
16730,RN
16144,RN
16756,RN
16772,RN
17515,RN
16799,RN
16810,RN
16837,RN
16853,RN
16870,RN
16896,RN
16918,RN
16934,RN
16080,RN
16950,RN
16993,RN
17019,RN
17051,RN
17078,RN
17094,RN
17116,RN
16977,RN
17175,RN
17132,RN
17159,RN
17191,RN
16306,RN
17230,RN
17256,RN
17272,RN
17299,RN
17310,RN
17337,RN
17353,RN
17370,RN
17396,RN
17434,RN
17418,RN
16160,RN
17450,RN
17477,RN
17493,RN
17213,RN
17531,RN
17558,RN
17574,RN
17590,RN
17612,RN
17655,RN
17639,RN
17671,RN
17698,RN
17710,RN
17752,RN
17736,RN
17779,RN
17795,RN
17817,RN
17833,RN
17850,RN
17876,RN
17892,RN
17914,RN
17930,RN
17957,RN
17973,RN
17990,RN
18031,RN
16284,RN
18015,RN
18074,RN
18090,RN
18937,RN
18112,RN
18139,RN
18155,RN
16268,RN
18171,RN
18198,RN
18236,RN
16241,RN
18279,RN
18252,RN
18295,RN
18597,RN
18619,RN
18058,RN
18635,RN
16020,RN
18651,RN
18678,RN
16209,RN
18694,RN
18317,RN
18333,RN
18350,RN
18210,RN
18376,RN
18414,RN
18430,RN
18457,RN
18392,RN
18473,RN
16063,RN
18490,RN
18511,RN
18538,RN
18554,RN
18570,RN
18716,RN
18732,RN
18759,RN
18775,RN
18791,RN
16004,RN
16225,RN
18813,RN
18830,RN
18856,RN
16128,RN
18872,RN
18899,RN
16187,RN
18953,RN
18996,RN
18970,RN
18910,RN
16071,RN
00310,RO
00736,RO
00639,RO
00337,RO
00078,RO
00779,RO
00450,RO
00620,RO
00094,RO
00671,RO
00477,RO
00531,RO
00272,RO
00809,RO
00230,RO
00655,RO
00213,RO
00680,RO
00256,RO
00612,RO
00019,RO
00493,RO
00159,RO
00051,RO
00396,RO
00604,RO
00574,RO
00663,RO
00370,RO
00434,RO
00744,RO
00515,RO
00175,RO
00701,RO
00116,RO
00787,RO
00035,RO
00191,RO
00728,RO
00647,RO
00299,RO
00353,RO
00582,RO
00710,RO
00795,RO
00418,RO
00752,RO
00590,RO
00566,RO
00698,RO
00558,RO
00132,RO
03050,RR
03042,RR
03018,RR
03077,RR
03069,RR
03034,RR
03000,RR
03026,RR
03093,RR
03115,RR
03123,RR
03085,RR
03131,RR
03158,RR
03107,RR
88986,RS
85014,RS
85030,RS
85057,RS
85073,RS
85545,RS
89001,RS
85090,RS
84808,RS
86282,RS
85111,RS
86045,RS
86304,RS
86100,RS
85138,RS
85154,RS
86320,RS
88862,RS
85170,RS
85197,RS
89028,RS
85308,RS
85235,RS
85219,RS
85251,RS
85278,RS
85294,RS
85316,RS
88927,RS
86363,RS
88625,RS
85375,RS
86380,RS
86401,RS
85359,RS
85391,RS
86223,RS
85332,RS
86347,RS
88420,RS
85413,RS
86428,RS
85430,RS
89044,RS
89060,RS
88161,RS
85456,RS
98230,RS
86444,RS
85472,RS
84921,RS
85499,RS
89087,RS
85510,RS
85065,RS
85537,RS
85570,RS
85596,RS
85618,RS
85634,RS
85650,RS
85677,RS
85693,RS
85960,RS
85715,RS
86460,RS
85731,RS
85758,RS
85774,RS
85790,RS
85200,RS
85812,RS
86487,RS
85855,RS
85871,RS
85898,RS
89109,RS
84891,RS
86509,RS
88200,RS
89125,RS
89150,RS
89141,RS
89737,RS
85910,RS
88340,RS
85936,RS
86525,RS
85952,RS
85880,RS
85979,RS
85995,RS
85553,RS
86541,RS
88641,RS
86088,RS
85227,RS
85944,RS
86010,RS
86037,RS
86932,RS
86568,RS
86053,RS
88269,RS
88846,RS
85804,RS
86070,RS
86584,RS
86096,RS
86118,RS
86134,RS
89168,RS
86606,RS
86622,RS
86150,RS
89184,RS
89770,RS
86649,RS
86177,RS
85464,RS
88528,RS
86193,RS
89206,RS
86215,RS
85839,RS
86231,RS
86665,RS
85049,RS
88188,RS
86258,RS
86681,RS
84824,RS
86274,RS
86290,RS
88463,RS
86312,RS
84883,RS
88307,RS
86240,RS
86339,RS
86355,RS
86703,RS
85928,RS
85103,RS
85081,RS
86371,RS
85022,RS
86410,RS
86436,RS
86452,RS
88285,RS
86479,RS
85286,RS
86517,RS
86533,RS
88404,RS
86495,RS
85448,RS
84930,RS
86550,RS
86576,RS
86029,RS
88366,RS
86592,RS
86614,RS
88242,RS
86630,RS
86657,RS
89222,RS
98272,RS
86673,RS
86690,RS
86720,RS
86711,RS
86738,RS
86746,RS
86770,RS
86797,RS
85502,RS
86819,RS
86762,RS
86789,RS
86835,RS
84867,RS
86878,RS
86894,RS
86851,RS
85189,RS
86398,RS
88323,RS
86916,RS
86800,RS
86959,RS
84972,RS
86975,RS
86991,RS
84964,RS
87017,RS
87033,RS
87050,RS
87076,RS
85685,RS
85782,RS
87092,RS
86827,RS
85243,RS
84999,RS
87114,RS
88382,RS
85901,RS
86843,RS
87130,RS
89249,RS
87157,RS
85626,RS
87173,RS
84786,RS
89265,RS
87190,RS
87238,RS
87211,RS
84905,RS
88587,RS
98299,RS
87254,RS
89281,RS
86886,RS
87270,RS
85260,RS
87297,RS
86860,RS
87319,RS
87335,RS
86908,RS
86924,RS
87351,RS
88943,RS
86940,RS
86967,RS
86983,RS
87378,RS
87394,RS
87009,RS
87416,RS
88820,RS
87432,RS
87025,RS
87041,RS
89303,RS
87459,RS
88447,RS
87068,RS
87475,RS
85820,RS
88803,RS
87084,RS
87491,RS
87106,RS
87122,RS
86185,RS
87149,RS
87513,RS
88544,RS
87165,RS
87530,RS
87181,RS
87572,RS
86169,RS
87599,RS
87610,RS
87203,RS
87637,RS
88226,RS
85120,RS
84816,RS
87653,RS
87670,RS
87696,RS
87220,RS
88560,RS
84751,RS
87246,RS
87262,RS
88684,RS
87718,RS
87289,RS
87300,RS
89320,RS
87556,RS
87734,RS
87750,RS
89672,RS
87777,RS
87793,RS
87815,RS
84980,RS
87831,RS
85987,RS
87327,RS
98256,RS
88889,RS
87343,RS
87858,RS
89346,RS
85146,RS
89567,RS
87874,RS
87890,RS
87912,RS
87360,RS
85340,RS
89362,RS
87386,RS
87408,RS
87939,RS
89540,RS
84778,RS
87955,RS
87971,RS
87440,RS
87424,RS
88013,RS
88030,RS
87467,RS
87483,RS
88056,RS
87998,RS
85421,RS
86126,RS
87505,RS
84760,RS
85405,RS
88072,RS
88099,RS
89389,RS
87521,RS
84875,RS
88110,RS
85766,RS
88137,RS
87548,RS
88153,RS
88170,RS
85740,RS
88196,RS
88218,RS
89400,RS
88234,RS
88250,RS
88277,RS
88293,RS
88315,RS
87564,RS
85561,RS
89753,RS
87580,RS
88331,RS
88358,RS
88374,RS
89247,RS
87602,RS
88390,RS
89443,RS
88412,RS
86207,RS
88471,RS
87629,RS
88498,RS
88439,RS
88455,RS
88510,RS
88552,RS
88579,RS
87645,RS
87661,RS
88595,RS
88617,RS
87688,RS
88536,RS
88994,RS
89010,RS
89036,RS
89052,RS
85707,RS
85529,RS
89079,RS
88765,RS
87882,RS
89095,RS
89117,RS
87920,RS
88706,RS
89133,RS
84956,RS
87947,RS
89176,RS
89192,RS
88633,RS
84832,RS
88650,RS
88676,RS
88692,RS
88714,RS
84794,RS
87769,RS
85588,RS
85324,RS
87742,RS
88730,RS
88757,RS
89460,RS
87726,RS
84859,RS
87700,RS
88773,RS
88790,RS
88811,RS
88838,RS
88854,RS
87785,RS
85480,RS
88870,RS
88897,RS
87807,RS
89486,RS
87823,RS
88919,RS
88935,RS
88951,RS
88978,RS
87840,RS
87866,RS
85383,RS
86754,RS
87904,RS
88722,RS
89214,RS
89230,RS
89257,RS
89273,RS
89290,RS
85669,RS
89710,RS
89311,RS
85162,RS
98213,RS
89508,RS
87963,RS
88900,RS
89338,RS
89354,RS
87980,RS
85006,RS
89435,RS
84743,RS
85367,RS
89370,RS
89397,RS
88005,RS
86142,RS
89419,RS
89451,RS
84840,RS
88021,RS
89478,RS
85723,RS
89494,RS
88501,RS
88609,RS
88480,RS
88048,RS
89516,RS
89532,RS
88064,RS
88080,RS
88668,RS
84913,RS
89559,RS
89575,RS
89591,RS
88781,RS
89613,RS
89630,RS
89656,RS
89699,RS
86061,RS
88749,RS
85642,RS
88102,RS
85600,RS
85863,RS
85847,RS
88129,RS
89524,RS
88145,RS
84948,RS
84735,RS
80225,SC
80012,SC
80039,SC
80055,SC
80136,SC
81302,SC
80152,SC
80179,SC
80195,SC
80217,SC
80233,SC
80063,SC
80489,SC
80250,SC
80276,SC
80292,SC
80314,SC
80802,SC
80330,SC
80357,SC
80373,SC
81728,SC
80683,SC
80390,SC
81744,SC
82511,SC
83909,SC
81582,SC
81760,SC
80411,SC
81221,SC
80748,SC
80438,SC
80454,SC
80470,SC
81280,SC
83895,SC
81388,SC
81469,SC
80497,SC
80985,SC
80519,SC
80535,SC
80420,SC
81787,SC
80551,SC
80594,SC
80667,SC
80616,SC
80632,SC
80659,SC
80675,SC
80691,SC
80713,SC
80730,SC
80756,SC
81027,SC
81248,SC
80772,SC
80799,SC
80578,SC
80268,SC
80381,SC
81701,SC
80810,SC
80306,SC
80837,SC
81043,SC
80853,SC
81108,SC
83950,SC
80870,SC
80896,SC
80918,SC
81620,SC
80934,SC
80950,SC
80977,SC
80993,SC
80080,SC
81426,SC
81167,SC
81019,SC
81035,SC
81604,SC
81051,SC
80888,SC
81060,SC
81078,SC
81329,SC
81094,SC
81132,SC
81159,SC
81175,SC
81116,SC
81213,SC
81191,SC
81230,SC
81256,SC
81272,SC
81299,SC
80527,SC
81310,SC
81400,SC
81337,SC
81353,SC
81396,SC
81418,SC
81434,SC
81450,SC
81477,SC
81361,SC
81493,SC
80020,SC
80829,SC
81515,SC
80187,SC
81531,SC
80861,SC
81558,SC
81590,SC
81612,SC
81639,SC
81655,SC
81663,SC
81671,SC
81574,SC
81370,SC
81698,SC
81710,SC
81736,SC
81752,SC
81140,SC
81779,SC
81795,SC
80101,SC
81540,SC
81817,SC
81833,SC
81850,SC
80586,SC
81876,SC
81892,SC
81914,SC
81930,SC
80047,SC
81957,SC
81809,SC
81973,SC
80900,SC
81990,SC
82015,SC
82031,SC
83917,SC
82058,SC
82066,SC
82074,SC
82090,SC
82112,SC
80365,SC
82139,SC
82155,SC
80004,SC
82171,SC
82198,SC
81086,SC
82210,SC
82236,SC
80322,SC
82252,SC
82279,SC
80764,SC
82295,SC
83976,SC
82317,SC
80845,SC
81442,SC
81264,SC
82333,SC
82350,SC
81566,SC
82376,SC
82392,SC
80705,SC
80403,SC
80624,SC
82414,SC
82430,SC
82457,SC
82473,SC
83925,SC
82490,SC
82538,SC
82554,SC
82570,SC
80543,SC
82597,SC
82619,SC
80926,SC
82635,SC
82651,SC
82678,SC
82694,SC
82716,SC
82732,SC
82759,SC
82775,SC
81647,SC
82791,SC
82813,SC
82830,SC
82856,SC
82872,SC
82910,SC
82899,SC
82937,SC
82953,SC
80608,SC
80560,SC
82970,SC
82996,SC
83011,SC
81523,SC
83038,SC
81000,SC
83054,SC
80721,SC
83070,SC
80241,SC
80349,SC
81507,SC
81205,SC
83097,SC
83410,SC
83437,SC
83453,SC
80284,SC
83470,SC
83496,SC
80446,SC
83119,SC
81485,SC
83135,SC
83151,SC
80942,SC
83178,SC
83194,SC
83259,SC
83275,SC
83291,SC
83313,SC
83216,SC
81124,SC
80640,SC
83232,SC
83330,SC
83356,SC
83372,SC
80780,SC
83399,SC
81183,SC
83518,SC
83534,SC
81680,SC
83550,SC
83933,SC
83577,SC
80209,SC
81345,SC
83615,SC
83631,SC
83658,SC
83593,SC
83674,SC
83682,SC
83690,SC
80144,SC
83712,SC
80160,SC
83739,SC
80462,SC
80969,SC
83755,SC
83771,SC
83798,SC
80128,SC
83810,SC
83836,SC
83852,SC
83879,SC
81825,SC
80071,SC
80098,SC
80500,SC
80110,SC
31011,SE
31038,SE
31054,SE
31070,SE
31097,SE
31119,SE
31151,SE
31135,SE
31194,SE
31216,SE
31232,SE
31259,SE
31275,SE
31291,SE
31313,SE
31330,SE
31372,SE
31399,SE
31410,SE
31437,SE
31453,SE
31496,SE
31470,SE
31518,SE
31534,SE
31550,SE
31577,SE
31593,SE
31615,SE
31631,SE
31658,SE
31674,SE
31690,SE
31712,SE
31739,SE
31755,SE
31771,SE
31798,SE
31810,SE
31836,SE
31852,SE
31879,SE
31356,SE
31895,SE
31917,SE
31933,SE
31950,SE
31976,SE
31992,SE
32018,SE
32034,SE
32050,SE
32115,SE
32077,SE
32093,SE
32131,SE
32174,SE
32158,SE
32190,SE
32212,SE
32239,SE
32255,SE
32298,SE
31003,SE
32310,SE
32417,SE
32433,SE
32336,SE
32352,SE
32379,SE
32395,SE
32450,SE
32476,SE
32492,SE
32514,SE
61018,SP
61034,SP
61050,SP
61131,SP
61581,SP
61158,SP
61174,SP
61190,SP
61212,SP
61220,SP
61298,SP
61310,SP
61379,SP
61336,SP
61352,SP
61395,SP
61417,SP
61433,SP
61450,SP
61476,SP
61492,SP
61514,SP
61530,SP
61590,SP
61611,SP
61646,SP
61638,SP
61654,SP
61263,SP
61557,SP
61573,SP
62065,SP
61670,SP
61697,SP
61719,SP
61735,SP
61751,SP
61778,SP
61522,SP
61794,SP
61816,SP
61832,SP
61875,SP
61891,SP
61859,SP
61913,SP
61930,SP
61972,SP
61999,SP
62030,SP
62057,SP
61360,SP
62073,SP
62090,SP
62111,SP
62138,SP
62014,SP
62154,SP
62170,SP
62197,SP
62219,SP
62235,SP
62251,SP
61280,SP
62278,SP
62294,SP
62316,SP
62332,SP
62359,SP
62375,SP
62391,SP
62413,SP
61786,SP
62456,SP
62472,SP
61026,SP
62430,SP
62499,SP
62510,SP
62553,SP
62081,SP
62570,SP
62596,SP
62618,SP
62634,SP
62650,SP
61956,SP
62693,SP
62677,SP
62731,SP
62758,SP
62774,SP
62790,SP
62812,SP
62839,SP
62855,SP
61484,SP
62871,SP
62898,SP
61506,SP
62910,SP
62936,SP
62952,SP
62979,SP
62995,SP
62103,SP
61344,SP
63070,SP
63096,SP
63053,SP
63118,SP
63134,SP
63150,SP
63177,SP
63215,SP
63231,SP
63258,SP
62715,SP
63274,SP
63290,SP
63312,SP
63339,SP
63355,SP
63371,SP
63398,SP
63410,SP
63436,SP
63452,SP
63479,SP
63495,SP
63517,SP
63533,SP
63550,SP
63592,SP
63576,SP
63614,SP
63630,SP
63657,SP
63690,SP
63673,SP
63711,SP
63738,SP
63193,SP
63010,SP
63037,SP
63754,SP
63770,SP
61123,SP
63797,SP
63819,SP
63835,SP
63851,SP
63878,SP
63894,SP
63916,SP
63932,SP
63959,SP
63975,SP
63991,SP
61760,SP
61182,SP
64017,SP
64033,SP
61387,SP
61689,SP
68659,SP
61140,SP
61662,SP
64050,SP
64076,SP
61000,SP
64092,SP
64130,SP
64114,SP
62286,SP
64157,SP
64173,SP
64190,SP
64238,SP
64211,SP
64254,SP
64270,SP
64297,SP
64319,SP
64351,SP
64378,SP
62308,SP
64394,SP
64416,SP
64432,SP
64475,SP
64459,SP
64530,SP
64513,SP
64599,SP
64610,SP
64637,SP
64653,SP
64670,SP
64696,SP
64572,SP
64718,SP
64734,SP
64750,SP
64777,SP
64556,SP
61107,SP
64491,SP
64793,SP
64335,SP
64815,SP
61743,SP
61727,SP
64831,SP
64858,SP
61085,SP
64874,SP
64912,SP
64890,SP
64939,SP
64955,SP
64971,SP
64998,SP
65030,SP
65056,SP
65013,SP
65072,SP
62006,SP
61204,SP
65099,SP
65110,SP
65137,SP
65153,SP
65170,SP
65196,SP
65218,SP
65234,SP
62243,SP
65250,SP
65277,SP
65293,SP
65331,SP
65315,SP
65358,SP
65390,SP
65412,SP
65439,SP
61603,SP
65455,SP
65471,SP
65498,SP
65510,SP
65536,SP
61948,SP
65579,SP
65617,SP
65595,SP
65633,SP
65650,SP
65676,SP
65692,SP
65714,SP
65374,SP
65730,SP
65757,SP
65773,SP
65790,SP
65811,SP
65838,SP
65552,SP
65854,SP
65870,SP
65897,SP
65919,SP
65935,SP
65951,SP
65978,SP
65994,SP
66010,SP
66036,SP
66052,SP
66079,SP
66095,SP
66117,SP
66150,SP
66133,SP
62324,SP
66192,SP
66214,SP
66257,SP
66230,SP
66176,SP
66273,SP
66290,SP
66338,SP
66311,SP
66354,SP
66370,SP
66397,SP
66419,SP
66435,SP
66451,SP
62022,SP
66478,SP
66516,SP
66494,SP
66559,SP
66575,SP
66591,SP
66532,SP
66613,SP
66630,SP
66656,SP
66672,SP
66699,SP
66710,SP
66737,SP
66753,SP
66770,SP
61867,SP
66834,SP
66796,SP
66850,SP
66818,SP
66877,SP
66893,SP
66915,SP
66931,SP
61964,SP
66958,SP
66974,SP
67016,SP
66990,SP
67032,SP
67059,SP
67075,SP
67091,SP
67113,SP
67130,SP
67156,SP
67172,SP
67199,SP
67237,SP
67253,SP
67270,SP
67296,SP
67318,SP
67334,SP
67377,SP
67350,SP
67210,SP
67393,SP
67415,SP
61069,SP
67431,SP
62340,SP
67458,SP
67474,SP
67490,SP
67512,SP
67539,SP
67555,SP
67571,SP
61980,SP
61425,SP
62367,SP
67598,SP
67610,SP
67636,SP
67652,SP
67679,SP
67695,SP
61409,SP
67717,SP
67733,SP
67750,SP
67792,SP
67814,SP
67830,SP
67857,SP
67873,SP
67890,SP
67911,SP
67938,SP
67954,SP
67970,SP
62383,SP
67997,SP
68012,SP
68039,SP
68055,SP
68071,SP
68098,SP
68110,SP
68136,SP
68179,SP
68195,SP
68217,SP
68152,SP
68233,SP
68250,SP
61824,SP
68276,SP
68292,SP
62405,SP
68330,SP
68314,SP
68357,SP
68373,SP
68390,SP
68411,SP
68438,SP
61247,SP
68454,SP
68470,SP
68497,SP
68519,SP
68535,SP
68551,SP
68578,SP
68594,SP
68616,SP
68632,SP
68675,SP
68691,SP
68713,SP
68730,SP
68756,SP
68772,SP
68799,SP
68810,SP
68837,SP
68853,SP
68870,SP
68896,SP
68918,SP
68934,SP
68950,SP
68993,SP
69019,SP
69035,SP
69051,SP
61808,SP
69078,SP
69094,SP
69116,SP
69132,SP
69159,SP
61565,SP
69175,SP
68977,SP
62120,SP
69191,SP
69213,SP
62146,SP
69230,SP
69256,SP
69272,SP
69299,SP
69310,SP
69337,SP
62162,SP
69353,SP
69370,SP
69396,SP
69418,SP
69434,SP
69450,SP
69477,SP
69493,SP
69515,SP
69531,SP
69558,SP
69574,SP
69590,SP
69612,SP
69639,SP
69655,SP
62421,SP
61700,SP
69671,SP
69698,SP
69736,SP
69752,SP
69779,SP
69795,SP
69817,SP
69833,SP
69850,SP
69710,SP
61166,SP
69876,SP
69914,SP
69892,SP
69930,SP
69957,SP
69973,SP
69990,SP
70017,SP
70033,SP
61441,SP
70050,SP
70076,SP
70092,SP
70114,SP
70130,SP
70157,SP
70211,SP
70173,SP
70238,SP
70254,SP
62189,SP
70270,SP
70297,SP
70319,SP
70335,SP
70351,SP
70378,SP
70394,SP
70416,SP
70432,SP
70491,SP
70513,SP
70530,SP
62200,SP
70459,SP
70475,SP
70556,SP
70572,SP
70599,SP
70610,SP
61328,SP
70637,SP
70653,SP
70670,SP
70718,SP
70696,SP
71234,SP
71250,SP
71277,SP
71293,SP
71331,SP
71315,SP
71358,SP
71374,SP
71390,SP
71412,SP
71439,SP
71455,SP
71471,SP
71498,SP
71510,SP
61301,SP
70734,SP
70750,SP
70777,SP
70793,SP
70815,SP
70890,SP
70912,SP
70939,SP
70955,SP
70971,SP
70998,SP
70831,SP
70858,SP
61883,SP
70874,SP
61905,SP
71013,SP
71030,SP
71056,SP
71072,SP
71099,SP
71110,SP
71137,SP
71153,SP
71170,SP
71196,SP
71218,SP
71536,SP
71552,SP
71579,SP
71595,SP
71617,SP
71633,SP
71650,SP
71676,SP
71692,SP
71730,SP
71714,SP
62260,SP
71757,SP
71773,SP
61840,SP
71790,SP
61042,SP
71811,SP
71838,SP
71854,SP
71870,SP
71897,SP
71919,SP
71935,SP
62049,SP
71951,SP
62448,SP
71978,SP
71994,SP
61620,SP
72036,SP
72010,SP
72052,SP
72079,SP
61468,SP
72095,SP
72117,SP
72133,SP
72150,SP
72192,SP
72214,SP
72176,SP
72230,SP
72257,SP
72273,SP
61549,SP
72311,SP
72737,SP
72354,SP
72370,SP
72397,SP
72419,SP
62227,SP
72435,SP
72451,SP
72338,SP
61921,SP
61077,SP
61093,SP
70190,SP
61115,SP
61239,SP
61255,SP
61271,SP
67776,SP
73008,TO
73512,TO
96954,TO
92070,TO
92134,TO
92193,TO
73075,TO
96970,TO
73334,TO
92371,TO
73318,TO
92436,TO
92398,TO
92410,TO
92452,TO
92479,TO
96857,TO
92533,TO
92576,TO
92592,TO
73580,TO
73610,TO
96997,TO
92002,TO
73121,TO
73245,TO
92738,TO
92045,TO
73067,TO
73091,TO
73300,TO
73326,TO
73423,TO
92088,TO
73210,TO
73482,TO
73474,TO
93114,TO
95290,TO
92142,TO
93130,TO
93211,TO
93238,TO
73555,TO
73032,TO
93416,TO
92185,TO
93459,TO
93475,TO
73296,TO
96679,TO
93556,TO
93653,TO
73199,TO
96830,TO
92240,TO
95338,TO
96270,TO
93858,TO
73598,TO
94056,TO
94099,TO
73202,TO
94170,TO
73369,TO
73253,TO
73385,TO
73113,TO
73407,TO
73601,TO
95699,TO
73520,TO
92304,TO
73270,TO
73059,TO
94617,TO
94633,TO
94692,TO
73563,TO
73342,TO
94811,TO
94838,TO
96636,TO
92401,TO
94994,TO
73148,TO
73172,TO
73466,TO
73440,TO
73083,TO
73040,TO
96490,TO
95214,TO
95192,TO
73261,TO
95257,TO
95273,TO
92487,TO
95370,TO
73016,TO
95478,TO
95516,TO
95532,TO
92509,TO
95591,TO
92525,TO
96296,TO
73571,TO
73229,TO
73024,TO
73431,TO
73415,TO
96792,TO
92541,TO
73156,TO
73350,TO
73130,TO
73547,TO
92584,TO
92606,TO
73539,TO
96598,TO
73377,TO
73288,TO
73105,TO
73180,TO
73393,TO
96032,TO
92681,TO
96130,TO
96156,TO
73164,TO
73504,TO
96210,TO
96199,TO
73458,TO
73237,TO
96652,TO
96431,TO
